NUM,TITLE,PALETTE,MINTED,ARTISTS,PROPOSER,MINT_DATE
1,On chain summer,"247, 238, 130;245, 135, 44;85, 36, 107;42, 2, 42",658,101,BasePaint Team,1691685600
2,Your first NFT,"255, 233, 210;254, 162, 90;129, 94, 111;30, 52, 75",654,161,BasePaint Team,1691772000
3,CryptoPunks,"234, 255, 171;38, 206, 179;27, 123, 155;43, 28, 83",461,149,BasePaint Team,1691858400
4,SimCity,"69, 226, 231;47, 92, 212;254, 120, 66;38, 16, 73",329,178,BasePaint Team,1691944800
5,Outer Space,"7, 11, 22;253, 234, 115;177, 63, 27;32, 182, 214",280,225,BasePaint Team,1692031200
6,Super Mario,"187, 174, 212;0, 161, 69;236, 101, 87;248, 174, 88;254, 254, 254",343,210,BasePaint Team,1692117600
7,Retro Sunset,"22, 28, 24;187, 45, 70;29, 67, 99;225, 123, 99",352,261,BasePaint Team,1692204000
8,Whales,"105, 114, 165;0, 0, 0;57, 50, 115;255, 255, 255",349,312,BasePaint Team,1692290400
9,Pixelmon Kevin,"255, 255, 180;5, 24, 101;173, 230, 255;35, 200, 115;19, 107, 62",768,350,BasePaint Team,1692376800
10,DUNE,"33, 30, 32;241, 152, 93;101, 96, 93;248, 211, 154",597,369,BasePaint Team,1692463200
11,MacPaint,"152, 199, 249;10, 26, 43",584,443,BasePaint Team,1692549600
12,Banksy,"245, 235, 241;167, 162, 168;26, 25, 28;156, 19, 27",588,492,BasePaint Team,1692636000
13,Diablo,"116, 39, 39;17, 10, 24;180, 46, 42;90, 65, 103",538,523,BasePaint Team,1692722400
14,Post Apocalypse,"0, 0, 0;255, 255, 255;0, 255, 255;255, 255, 0;255, 0, 0;205, 0, 205;0, 0, 255",570,315,BasePaint Team,1692808800
15,Trip,"46, 36, 130;115, 247, 178;235, 75, 149;255, 253, 184",716,332,BasePaint Team,1692895200
16,LoFi,"19, 22, 37;220, 164, 205;77, 77, 125;251, 231, 234",949,383,BasePaint Team,1692981600
17,CryptoWinter,"33, 40, 90;166, 214, 180;89, 131, 152;237, 242, 207",494,429,BasePaint Team,1693068000
18,Dungeons,"25, 27, 26;47, 66, 85;104, 155, 154;163, 200, 181;245, 142, 74;116, 39, 39",448,444,BasePaint Team,1693154400
19,Windows 95,"0, 128, 128;192, 192, 192;255, 255, 231;0, 0, 128;0, 0, 0",113,480,BasePaint Team,1693240800
20,Dreams,"248, 255, 183;244, 182, 202;174, 249, 203;111, 87, 151",899,462,BasePaint Team,1693327200
21,CyberPunk,"0, 51, 141;4, 112, 205;110, 244, 243;255, 81, 206",842,478,BasePaint Team,1693413600
22,xcopy,"0, 1, 3;5, 84, 81;129, 254, 201;246, 3, 111",323,501,BasePaint Team,1693500000
23,Miyazaki,"65, 187, 229;158, 215, 60;185, 64, 72;255, 253, 179;255, 255, 255",189,523,BasePaint Team,1693586400
24,Pepe,"225, 237, 237;247, 223, 76;75, 141, 50;208, 49, 33;42, 34, 235;23, 14, 36",893,540,BasePaint Team,1693672800
25,Pokemon: Red v Blue,"253, 253, 253;43, 7, 7;255, 0, 0;255, 128, 0;255, 179, 0;7, 15, 43;13, 49, 117;37, 94, 207;117, 163, 254",76,540,BasePaint Team,1693759200
26,Autumn,"253, 242, 216;247, 208, 81;214, 112, 59;196, 72, 52;107, 55, 37",227,600,BasePaint Team,1693845600
27,Conspiracy,"41, 44, 57;246, 141, 148;90, 72, 82;16, 20, 28",303,636,BasePaint Team,1693932000
28,Animal Crossing,"32, 209, 253;1, 197, 97;242, 217, 3;254, 130, 68",165,633,BasePaint Team,1694018400
29,Daft Punk,"0, 0, 0;71, 58, 61;244, 219, 144;237, 215, 225;255, 255, 255",39,632,BasePaint Team,1694104800
30,Anime Classics,"232, 231, 206;240, 170, 173;238, 132, 116;60, 116, 198",957,642,BasePaint Team,1694191200
31,Ancient Egypt,"230, 245, 216;173, 229, 139;235, 177, 83;220, 118, 54;125, 55, 52",904,661,BasePaint Team,1694277600
32,Maze,"42, 33, 54;74, 96, 116;95, 170, 150;178, 237, 151",951,629,BasePaint Team,1694364000
33,Starry Night,"6, 48, 86;74, 106, 157;159, 197, 232;255, 217, 102;255, 242, 204",751,684,BasePaint Team,1694450400
34,Queen,"247, 223, 233;236, 91, 112;51, 88, 56;13, 39, 36",520,705,0x44C0551dEb02F75189C7c4075B58212cFb108F2D,1694536800
35,Underwater Atlantis,"255, 255, 255;110, 218, 211;11, 48, 102;247, 70, 24;248, 219, 161",468,556,onium.eth,1694623200
36,Warhol,"235, 3, 138;241, 233, 3;225, 160, 161;1, 1, 1",647,539,zherring.eth,1694709600
37,Rick & Morty,"28, 30, 69;84, 172, 181;141, 198, 100;74, 150, 67;250, 240, 116",619,561,heatwave.eth,1694796000
38,Bestiary,"31, 30, 36;16, 71, 90;211, 139, 65;238, 220, 204",659,527,artxie.eth,1694882400
39,Jack Butcher,"0, 0, 0;255, 255, 255",929,568,BasePaint Team,1694968800
40,Runescape,"235, 213, 194;219, 177, 100;141, 168, 77;206, 119, 77;75, 127, 103;80, 62, 55",685,582,basepainter.eth,1695055200
41,Moroccan Zellij,"14, 14, 14;79, 52, 183;211, 59, 171;125, 246, 233;241, 250, 250",714,598,fatdao.eth,1695141600
42,Hitchhiker's Guide to the Galaxy,"44, 73, 84;18, 108, 110;68, 158, 120;107, 237, 228;234, 240, 171",618,608,BasePaint Team,1695228000
43,Norse Mythology,"51, 38, 51;40, 65, 74;19, 105, 105;231, 130, 145;255, 210, 180",640,621,BasePaint Team,1695314400
44,Lens Garden,"145, 185, 141;29, 66, 46;252, 236, 190;244, 182, 202;197, 87, 122",474,645,Lens Protocol,1695400800
46,Yellow Submarine,"7, 11, 40;6, 69, 70;148, 107, 2;252, 214, 14",733,676,cryptologist99.eth,1695573600
47,Ice Cream Party,"15, 33, 75;25, 208, 179;255, 249, 211;252, 160, 190;253, 77, 144",802,713,olotus.eth,1695660000
48,Comic Book Day (Sep 25),"116, 39, 39;180, 46, 41;17, 10, 24;90, 65, 102",705,754,ryanfox.eth,1695746400
49,Tokyo,"21, 23, 55;56, 99, 145;244, 120, 165;227, 240, 237",718,681,creamymommy.eth,1695832800
50,Cats,"18, 27, 37;243, 232, 211;79, 163, 165;205, 95, 67",723,610,trombopoline.eth,1695919200
51,Final Fantasy,"48, 54, 75;72, 92, 132;130, 148, 217;218, 201, 245",696,569,zherring.eth,1696005600
52,Dogs,"112, 70, 71;175, 121, 88;174, 185, 112;244, 242, 168",761,511,trombopoline.eth,1696092000
53,@songadaymann,"43, 15, 84;51, 104, 220;171, 31, 101;255, 129, 66;255, 218, 69;255, 247, 248",724,520,BasePaint Team,1696178400
54,Candy Land,"212, 79, 113;123, 191, 188;231, 216, 116;227, 230, 232",612,577,onium.eth,1696264800
56,Quentin Tarantino,"36, 27, 0;234, 144, 41;215, 171, 44;209, 50, 50;104, 9, 15",640,582,creamymommy.eth,1696437600
58,PartyDAO Launch Party,"167, 184, 207;46, 56, 71;0, 193, 250;236, 0, 0;255, 137, 70;255, 107, 243",958,647,Party DAO,1696610400
59,Vitalik,"255, 255, 255;235, 209, 116;196, 122, 180;65, 46, 106",802,654,leslieü¶è.eth,1696696800
60,Elon Musk,"236, 254, 239;226, 163, 74;39, 41, 68",748,665,naem618.eth,1696783200
61,beeple,"58, 36, 44;239, 246, 217",592,679,naem618.eth,1696869600
62,Rainbows and Unicorns,"15, 33, 75;25, 208, 179;255, 249, 211;252, 160, 190;253, 77, 144",548,730,BasePaint Team,1696956000
63,PRINCE (PURPLE RAIN),"19, 22, 37;220, 164, 205;77, 77, 125;251, 231, 234",496,777,varona.eth,1697042400
65,The Matrix,"95, 170, 150;74, 96, 116;42, 33, 54;178, 237, 151",512,770,andann427.eth,1697215200
66,Alice in Wonderland,"190, 149, 155;240, 204, 164;250, 243, 237;127, 99, 144;64, 69, 113;35, 36, 59",474,775,andann427.eth,1697301600
68,Atari,"255, 255, 255;0, 0, 0;100, 218, 251;210, 45, 246;253, 242, 81",465,784,omun.eth,1697474400
69,Beach,"214, 207, 178;223, 186, 160;224, 151, 146;227, 123, 172;58, 82, 63",445,809,judebuffum.eth,1697560800
71,Coffee,"247, 223, 164;242, 169, 98;173, 92, 49;52, 30, 41",411,803,naaate.eth,1697733600
72,Mystical forest,"62, 21, 78;126, 59, 116;189, 103, 190;224, 138, 179;255, 211, 206",412,784,reduragon.eth,1697820000
73,Harry Potter,"38, 40, 59;133, 62, 129;168, 221, 232;86, 187, 183",412,802,enups.eth,1697906400
74,Platformer,"35, 44, 40;125, 163, 138",368,805,BasePaint Team,1697992800
75,Martian Base,"135, 166, 255;27, 47, 103;246, 165, 28;69, 43, 0",366,870,ticklish-art.eth,1698079200
76,Chess,"243, 243, 244;216, 198, 178;52, 49, 45;20, 17, 15",369,817,2‚É£8‚É£.eth,1698165600
77,Ancient Rome,"230, 173, 140;223, 107, 113;177, 101, 119;56, 79, 112",355,778,creamymommy.eth,1698252000
78,Blitkin Lab Report,"45, 58, 134;39, 95, 150;24, 193, 231;251, 145, 91;231, 94, 24;200, 8, 63",717,801,Blitkin Project,1698338400
80,Cherry Blossom in October,"193, 223, 254;204, 179, 219;250, 174, 205;160, 88, 117",328,764,cbduck.eth,1698511200
81,Pizza Party,"251, 248, 177;242, 181, 47;175, 230, 187;219, 23, 26;44, 29, 47",348,775,creamymommy.eth,1698597600
82,Supercollider,"224, 182, 165;116, 51, 69;225, 95, 95;167, 255, 249;178, 245, 156",361,784,amodb.eth,1698684000
83,Halloween: 2-Bit Spirits,"0, 0, 0;70, 67, 63;108, 108, 108;214, 121, 92",516,762,BasePaint Team,1698770400
84,üßü‚Äç‚ôÄÔ∏è Zombie Apocalypse üßü‚Äç‚ôÇÔ∏èüß†,"170, 203, 86;110, 155, 77;61, 103, 65;182, 71, 76;255, 210, 212",324,766,8bitmortal.eth,1698856800
85,üê≥ Base Whale,"239, 227, 213;236, 209, 174;205, 143, 154;161, 192, 185;139, 126, 186",291,751,zenben.eth,1698943200
86,US Federal Reserve,"252, 241, 213;186, 17, 38;116, 0, 6;108, 154, 188;9, 47, 73",314,776,kudzu.eth,1699029600
87,Casino,"252, 211, 103;65, 215, 159;46, 137, 178;17, 59, 76;231, 70, 114",287,728,shaboman.cb.id,1699116000
88,View from the Dunes,"247, 238, 130;245, 135, 44;85, 36, 107;42, 2, 42",263,637,BasePaint Team,1699202400
89,1986 Chernobyl Nuclear Meltdown,"221, 255, 247;255, 210, 252;233, 128, 252",240,726,guccijenkins.eth,1699288800
90,Cityscape Sunset,"30, 52, 75;129, 94, 111;254, 162, 90;255, 233, 210",287,654,ryanfox.eth,1699375200
91,Amazon Jungle,"132, 169, 140;82, 121, 111;53, 79, 82;47, 62, 70",218,694,kudzu.eth,1699461600
92,Neo-Noir Nightscape,"209, 198, 173;161, 134, 158;121, 117, 150;11, 29, 81",294,642,zherring.eth,1699548000
93,Tales of Reynard,"234, 237, 241;120, 80, 51;179, 122, 60;157, 109, 65;58, 36, 27",203,645,BasePaint Team,1699634400
94,Dinosaur Laser Borscht,"255, 255, 255;255, 231, 76;255, 89, 100;56, 97, 140;53, 167, 255",204,550,taliskye.eth,1699720800
95,=<100 pixels art only.,"251, 245, 239;242, 211, 171;198, 159, 165;139, 109, 156;73, 93, 126;39, 39, 68",193,648,reduragon.eth,1699807200
96,Leonardo da Vinci,"40, 45, 60;91, 93, 112;116, 131, 140;255, 196, 184;246, 145, 151",207,585,creamymommy.eth,1699893600
98,Noun #913,"213, 215, 225;250, 195, 24;214, 133, 40;144, 157, 12;31, 29, 41;0, 0, 0",974,651,Nouns DAO,1700066400
99,Noun #914,"207, 209, 220;255, 255, 255;98, 45, 16;163, 47, 23;253, 56, 34;0, 0, 0",17,609,Nouns DAO,1700152800
100,Nouns #915,"195, 236, 247;77, 61, 230;114, 73, 60;205, 174, 169;255, 237, 49;0, 0, 0",312,596,Nouns DAO,1700239200
103,Periodic Table Of The Elements,"57, 43, 53;122, 156, 150;72, 107, 127;209, 191, 176;187, 71, 79",192,624,tormundgiantsbane.cb.id,1700498400
104,üëÅÔ∏è eyes üëÅÔ∏è,"22, 22, 22;171, 70, 70;143, 155, 246;240, 240, 240",182,609,olotus.eth,1700584800
105,üåπ Rose Garden üåπ,"72, 10, 48;180, 19, 96;255, 50, 124;255, 128, 174;255, 218, 232",181,498,cryptologist99.eth,1700671200
108,Cosmic Romance,"130, 9, 51;216, 71, 151;210, 253, 255;58, 190, 255;38, 255, 230",170,565,BasePaint Team,1700930400
109,Castle in the Clouds,"11, 79, 108;1, 186, 239;251, 251, 255;117, 117, 117",174,589,judebuffum.eth,1701016800
110,Greek Mythology,"51, 30, 54;65, 51, 122;110, 164, 191;194, 239, 235;236, 254, 232",155,574,creamymommy.eth,1701103200
113,Gold Rush,"191, 189, 193;109, 106, 117;55, 50, 62;222, 184, 65;222, 158, 54",253,568,cryptomoogle.eth,1701362400
115,Nuclear Testing,"233, 213, 0;66, 242, 125;179, 179, 179;44, 44, 44;254, 168, 0;251, 68, 0",182,547,BasePaint Team,1701535200
116,Steam Punk Soir√©e,"91, 35, 51;247, 244, 243;86, 77, 74;110, 98, 94",163,543,8bitmortal.eth,1701621600
117,Kawaii „Åã„Çè„ÅÑ„ÅÑ,"8, 75, 131;66, 191, 221;187, 230, 228;240, 246, 246;255, 102, 179",221,438,judebuffum.eth,1701708000
119,Vaporwave Aesthetic,"247, 172, 207;232, 240, 255;104, 116, 232;57, 39, 89",370,432,creamymommy.eth,1701880800
120,Shadows,"40, 38, 44;153, 143, 199;212, 194, 252;249, 245, 255",333,502,judebuffum.eth,1701967200
121,Ninjas,"234, 99, 140;179, 60, 134;43, 30, 103;3, 1, 44",289,588,judebuffum.eth,1702053600
122,Overgrown Ruin,"141, 198, 100;74, 150, 67;250, 240, 116;84, 172, 181",270,593,BasePaint Team,1702140000
123,Grape Battle: Purple v Green,"84, 66, 142;137, 99, 186;175, 227, 192;144, 194, 144",444,613,taylor.dotfan.eth,1702226400
124,Museum of Illusion,"242, 231, 201;65, 60, 88;163, 196, 188;191, 215, 181;231, 239, 197",536,538,shaboman.cb.id,1702312800
125,Monkey Business,"254, 193, 150;214, 161, 132;255, 166, 134;99, 71, 77;170, 118, 124",552,613,judebuffum.eth,1702399200
126,Cyber Twilight,"6, 11, 30;236, 100, 192;82, 180, 140;108, 233, 188;189, 246, 223",273,617,BasePaint Team,1702485600
45,infinite neon sadness,"34, 35, 35;235, 89, 214;128, 251, 161;241, 246, 240",854,679,zherring.eth,1695487200
127,Cavemen,"232, 232, 232;191, 191, 191;86, 66, 86;252, 129, 74",578,623,trombopoline.eth,1702572000
128,Orcs! Orcs! Orcs!,"100, 69, 54;178, 103, 94;196, 163, 129;187, 214, 134;238, 241, 189",398,618,zherring.eth,1702658400
129,Hackers,"0, 0, 0;102, 102, 110;153, 153, 161;230, 230, 233;244, 244, 246",472,627,juxton.eth,1702744800
130,Aliens,"77, 83, 89;80, 132, 132;121, 201, 158",405,617,buzzlightbeer.eth,1702831200
131,Fire & Flames,"215, 207, 7;217, 131, 36;164, 6, 6;90, 0, 2",419,620,creamymommy.eth,1702917600
132,Christmas üéÑ üéÖ ü§∂,"5, 50, 37;227, 74, 111;247, 178, 189;178, 161, 152;190, 218, 190",383,657,guccijenkins.eth,1703004000
133,Treasure Map,"241, 187, 135;247, 142, 105;93, 103, 91",375,600,buzzlightbeer.eth,1703090400
134,Witchcraft and Wizardry,"151, 223, 252;133, 138, 227;97, 61, 193;78, 20, 140;44, 7, 53",423,568,ksensei.eth,1703176800
135,Mirrors,"134, 187, 189;95, 80, 107;106, 107, 131;118, 148, 159",338,645,eccogrinder.eth,1703263200
136,Pandas,"34, 25, 21;70, 63, 56;128, 125, 112;224, 223, 212",338,648,juxton.eth,1703349600
137,Toy Robots,"234, 51, 127;255, 255, 255;165, 250, 245;55, 122, 246;0, 0, 123",316,645,judebuffum.eth,1703436000
138,Strawberry Fields Forever,"130, 173, 112;233, 197, 196;178, 53, 77;88, 17, 50;42, 8, 34",291,647,taliskye.eth,1703522400
139,Merry Paint‚Äômas,"13, 16, 35;23, 50, 81;56, 125, 140;91, 197, 152;195, 233, 173",356,662,cbduck.eth,1703608800
140,Skeleton Crew,"5, 16, 30;98, 115, 141;201, 188, 219;255, 255, 255",365,675,judebuffum.eth,1703695200
141,Oh Canada,"253, 243, 225;220, 60, 66",333,580,cryptomoogle.eth,1703781600
142,Glitch Art,"37, 3, 64;149, 56, 194;240, 145, 81;253, 244, 191",382,530,creamymommy.eth,1703868000
143,Math,"27, 33, 40;47, 34, 54;137, 55, 84;233, 165, 163",341,647,olotus.eth,1703954400
144,Howl at the Moon,"255, 255, 255;179, 179, 179;30, 37, 70",283,435,ticklish-art.eth,1704040800
145,2023 Year in Review,"26, 1, 27;255, 255, 230;209, 114, 136;214, 143, 126",418,471,judebuffum.eth,1704127200
146,Steamboat Willie,"233, 242, 246;193, 176, 143;145, 113, 100;38, 35, 41",555,436,ticklish-art.eth,1704213600
147,Slime Time,"29, 35, 0;99, 120, 0;199, 232, 20;42, 82, 105;217, 239, 255",345,409,judebuffum.eth,1704300000
148,Australian Outback ü¶ò,"44, 61, 59;101, 135, 88;207, 160, 63;247, 194, 123;247, 238, 187",348,474,codyhighroller.eth,1704386400
149,Glow-in-the-Dark,"34, 48, 60;7, 147, 142;219, 231, 136",269,484,endash.eth,1704472800
150,Camping trip ‚õ∫,"35, 70, 69;83, 122, 88;209, 185, 92;209, 88, 39;67, 30, 22",340,427,cryptologist99.eth,1704559200
151,High Desert üèúÔ∏è,"35, 135, 127;250, 168, 111;204, 88, 80;80, 28, 44",239,416,juxton.eth,1704645600
152,Sketchbook,"241, 229, 206;181, 146, 154;70, 68, 82",273,414,trombopoline.eth,1704732000
153,Fungi,"43, 69, 60;85, 195, 154;243, 225, 132;249, 170, 85",309,277,ticklish-art.eth,1704818400
154,Snowy Woods,"42, 69, 53;128, 139, 106;232, 239, 221",222,458,cryptologist99.eth,1704904800
155,Quadratic Lands,"142, 181, 119;86, 121, 65;222, 248, 191;163, 156, 226;96, 80, 201;59, 55, 101",436,449,Gitcoin,1704991200
156,Happy BTC ETF day,"185, 213, 156;251, 216, 210;153, 75, 98",411,404,tommyjo.eth,1705077600
157,Ice Fishing,"17, 91, 125;76, 169, 171;152, 216, 217;255, 254, 253;87, 45, 49",266,456,cryptologist99.eth,1705164000
158,Underworld,"28, 30, 38;108, 188, 220",270,402,sleepiary.eth,1705250400
159,"Saddle Up, Partner! Yee-hawü§†","46, 30, 63;84, 65, 78;170, 72, 62;217, 127, 107;241, 213, 180",281,407,8bitmortal.eth,1705336800
160,The Volcano,"23, 25, 40;78, 28, 47;189, 52, 42;237, 99, 38;244, 130, 43",277,435,judebuffum.eth,1705423200
161,Napoleon,"74, 72, 93;138, 179, 191;243, 228, 199;229, 94, 101",254,407,argetlames.eth,1705509600
162,Infinitely Based Yellow Nouniverse,"248, 206, 19;245, 226, 162;228, 127, 40;75, 56, 70",990,501,BasePaint Team,1705596000
163,Sushi,"49, 56, 78;78, 120, 126;143, 235, 249;249, 143, 143;255, 227, 227",327,456,llovo.eth,1705682400
164,Moon landing,"37, 53, 54;61, 64, 57;136, 130, 124;218, 206, 174",264,452,chippo.eth,1705768800
165,A Parliament of Owls,"80, 76, 74;212, 214, 174;199, 181, 115;202, 115, 77",241,458,judebuffum.eth,1705855200
166,Hawaii,"36, 110, 132;63, 162, 116;194, 202, 131;228, 186, 157;253, 126, 201",216,425,creamymommy.eth,1705941600
167,I Like Turtles,"46, 47, 53;74, 110, 93;231, 242, 153",214,414,judebuffum.eth,1706028000
168,Skateboarding üõπ,"39, 22, 34;47, 36, 48;121, 76, 88;185, 185, 180;65, 161, 146",224,404,codyhighroller.eth,1706114400
169,Degen,"80, 49, 59;94, 144, 113;105, 177, 108;207, 175, 97;222, 105, 79",713,451,chris24.eth,1706200800
170,Swamp Things,"29, 57, 50;45, 173, 146;253, 134, 116",224,431,judebuffum.eth,1706287200
171,Pinball,"249, 96, 72;237, 223, 152;92, 190, 160;61, 85, 100;43, 49, 64",303,436,cryptologist99.eth,1706373600
172,BasePaint BBQ,"99, 158, 237;126, 207, 170;194, 171, 96;179, 112, 78;172, 82, 84",274,425,judebuffum.eth,1706460000
173,Yacht Life,"16, 59, 74;68, 135, 159;215, 220, 220;245, 200, 169",295,446,judebuffum.eth,1706546400
174,Fast Food,"210, 85, 82;246, 234, 146;195, 170, 109;79, 65, 73",309,464,judebuffum.eth,1706632800
175,Origami,"151, 13, 70;149, 125, 110;186, 183, 112;222, 200, 155",269,450,cryptologist99.eth,1706719200
176,Bugs,"69, 57, 66;124, 90, 90;194, 206, 125;248, 234, 181",266,448,buzzlightbeer.eth,1706805600
177,Marine Mammals,"249, 177, 119;196, 154, 95;55, 110, 126;7, 70, 96;51, 51, 50",278,440,creamymommy.eth,1706892000
178,Year of the Dragon üêâ,"81, 132, 126;212, 201, 140;248, 109, 106;229, 116, 130",329,450,codyhighroller.eth,1706978400
179,Bodybuilding,"152, 51, 58;220, 125, 87;219, 166, 132;132, 142, 135;68, 83, 64",320,393,buzzlightbeer.eth,1707064800
180,Chocolate,"67, 48, 48;178, 130, 128;195, 161, 159;245, 240, 235",242,453,8bitmortal.eth,1707151200
181,Reptile Prom,"10, 44, 38;25, 147, 16;121, 240, 57;255, 167, 236;212, 50, 177;124, 26, 102",275,408,judebuffum.eth,1707237600
182,Electricity,"254, 185, 18;195, 159, 95;92, 111, 107;37, 96, 97",251,415,buzzlightbeer.eth,1707324000
183,Samurai,"239, 164, 22;240, 126, 29;227, 20, 22;116, 14, 19",303,386,judebuffum.eth,1707410400
184,Archaeology,"72, 62, 52;138, 104, 72;192, 181, 141;214, 212, 185",252,382,buzzlightbeer.eth,1707496800
185,Inside the Human Body,"229, 217, 143;189, 88, 113;162, 71, 116;115, 53, 92;89, 36, 77",322,411,sleepiary.eth,1707583200
186,Yoga,"64, 67, 53;118, 185, 131;123, 189, 171;184, 195, 130;82, 124, 85;86, 134, 119",250,445,chippo.eth,1707669600
187,Manga,"238, 238, 238;0, 0, 0",430,420,BasePaint Team,1707756000
188,Racetrack,"88, 59, 85;108, 165, 163;231, 217, 179;231, 143, 73",311,453,8bitmortal.eth,1707842400
190,Vegetable Battle,"151, 154, 118;234, 127, 92;193, 69, 66;121, 53, 83",239,478,judebuffum.eth,1708015200
191,Tea üçµ,"73, 87, 77;82, 106, 91;107, 148, 111;159, 198, 119;190, 215, 64",614,427,buzzlightbeer.eth,1708101600
192,Circus üé™,"35, 117, 171;74, 162, 197;242, 155, 133;186, 73, 61;210, 100, 47",271,454,sobrietywins.cb.id,1708188000
193,The Emerald City,"77, 43, 69;42, 139, 142;106, 184, 114;255, 246, 180;155, 232, 66",510,431,cryptomoogle.eth,1708274400
194,Bullish üí∏,"36, 33, 41;46, 87, 79;66, 132, 98;152, 193, 129;212, 205, 125",490,473,sobrietywins.cb.id,1708360800
195,Pirates,"120, 77, 76;150, 133, 105;201, 205, 202;119, 191, 196;90, 163, 167;33, 70, 78",339,450,judebuffum.eth,1708447200
196,African Safari ü¶íüêò,"224, 222, 145;244, 155, 80;233, 112, 61;81, 125, 109",316,449,codyhighroller.eth,1708533600
197,gm gm,"247, 103, 53;251, 140, 50;249, 197, 51;255, 231, 164;88, 82, 122;41, 34, 71",921,517,BasePaint Team,1708620000
198,Ghost Planet,"35, 30, 36;56, 57, 59;7, 110, 121;133, 169, 147",328,466,buzzlightbeer.eth,1708706400
199,Military Aviation,"49, 56, 64;93, 108, 80;161, 175, 123;217, 215, 189;232, 243, 249",358,433,wmaustinchapman.cb.id,1708792800
200,PFP Class Photos,"4, 23, 64;5, 42, 118;0, 68, 232;58, 121, 255;250, 205, 24;255, 255, 255",434,636,BasePaint Team,1708879200
201,Stained Glass Window,"37, 40, 66;211, 62, 91;236, 66, 39;232, 151, 13;220, 192, 44",826,545,cryptologist99.eth,1708965600
202,Emojis,"247, 180, 13;222, 126, 52;156, 86, 43;110, 33, 62;59, 46, 64",297,588,buzzlightbeer.eth,1709052000
203,Crustacean Nation ü¶ûü¶êü¶Ä,"217, 102, 100;211, 210, 189;170, 196, 188;82, 166, 168;80, 89, 86",530,632,wmaustinchapman.cb.id,1709138400
204,Hot Spring (Ê∏©Ê≥â),"167, 224, 181;131, 208, 157;158, 144, 98;129, 111, 93",386,524,buzzlightbeer.eth,1709224800
205,The Base Hunting Party,"180, 206, 228;53, 66, 90;200, 100, 79;239, 238, 227;160, 173, 106",259,566,BasePaint Team,1709311200
206,Graffiti Wall,"28, 87, 99;245, 113, 108;251, 169, 102;209, 208, 115;137, 200, 176",886,596,creamymommy.eth,1709397600
207,WARNING: HIGHLY EXPLOSIVE,"23, 25, 40;78, 28, 47;189, 52, 42;237, 99, 38;244, 130, 43",641,599,buzzlightbeer.eth,1709484000
208,DUNE TWO,"43, 13, 13;210, 116, 54;131, 30, 12;251, 229, 223",622,603,BasePaint Team,1709570400
209,Planet Earth,"15, 31, 38;67, 135, 146;176, 203, 142;243, 238, 213",743,532,judebuffum.eth,1709656800
210,Diamond Heist,"57, 96, 103;166, 195, 183;254, 250, 228;143, 204, 191;80, 71, 77",618,560,8bitmortal.eth,1709743200
211,Based Builders Building DAOs,"255, 255, 255;217, 255, 234;74, 243, 152;33, 81, 245;46, 22, 130;28, 8, 61",35,593,BasePaint Team,1709829600
212,Wood Trolls,"77, 62, 65;173, 159, 90;251, 241, 173;223, 218, 116;222, 216, 153",537,562,cryptologist99.eth,1709916000
213,In Memory of Akira Toriyama,"107, 60, 57;212, 143, 91;203, 172, 120;234, 209, 154;50, 28, 27",924,598,endash.eth,1710002400
214,Hot Air Balloons,"246, 188, 100;227, 122, 111;177, 105, 134;92, 86, 141;56, 67, 137",587,587,wmaustinchapman.cb.id,1710088800
215,Little Green Army Men,"87, 88, 80;154, 157, 109;246, 195, 120;242, 201, 161;246, 241, 228",623,589,b1ackb10ck.cb.id,1710175200
216,Life Before Internet,"46, 68, 74;109, 114, 116;102, 199, 166;251, 222, 180;226, 113, 87",681,606,0xbheem.eth,1710261600
217,The Tunnel,"250, 229, 129;180, 185, 111;99, 95, 70;58, 53, 38;26, 34, 34",626,596,b1ackb10ck.cb.id,1710348000
218,4844: The Dencun Upgrade,"246, 183, 220;172, 104, 166;99, 44, 159;129, 166, 249;36, 81, 214;9, 14, 57",279,590,BasePaint Team,1710434400
219,Goats üêê Being GOATs üëë,"48, 42, 37;54, 100, 133;125, 135, 145;156, 171, 160;251, 250, 247",642,493,b1ackb10ck.cb.id,1710520800
220,Island Life üèùÔ∏è,"29, 44, 78;10, 135, 145;7, 200, 185;192, 234, 82;231, 172, 27",505,498,codyhighroller.eth,1710607200
221,Garden Gnomes Misbehavin',"38, 48, 55;153, 165, 99;238, 192, 121;227, 104, 16;192, 50, 26",515,566,8bitmortal.eth,1710693600
222,Candy Store üç≠üç¨,"100, 166, 159;244, 225, 162;242, 131, 106;244, 88, 75;205, 72, 77",587,521,abhijoysarkar.eth,1710780000
223,Constellations,"21, 30, 47;14, 75, 149;43, 127, 144;204, 255, 255;132, 198, 235",776,593,judebuffum.eth,1710866400
224,Office nightmares,"26, 65, 62;135, 139, 102;168, 181, 144;229, 213, 148;173, 116, 38",702,565,olotus.eth,1710952800
225,7 Deadly Sins: Lu$t,"77, 58, 56;128, 105, 121;187, 134, 131;225, 179, 168;191, 69, 37",646,515,judebuffum.eth,1711039200
226,7 Deadly Sins: Envy,"89, 70, 60;192, 97, 74;73, 104, 40;168, 213, 107;211, 235, 181",552,535,taliskye.eth,1711125600
227,7 Deadly Sins: Pride,"94, 85, 22;170, 129, 23;239, 136, 56;181, 196, 170;65, 137, 137",656,538,judebuffum.eth,1711212000
228,7 Deadly Sins: Sloth,"44, 30, 97;111, 62, 140;179, 129, 208;236, 216, 193;85, 74, 62;154, 138, 121",656,540,cryptologist99.eth,1711298400
229,7 Deadly Sins: Wrath,"255, 182, 114;255, 134, 1;255, 45, 0;170, 0, 42;74, 0, 60",725,538,amodb.eth,1711384800
230,Superchain,"141, 238, 255;97, 152, 255;97, 85, 255;255, 6, 72;102, 15, 50;40, 0, 34",14,532,BasePaint Team,1711471200
231,7 Deadly Sins: Gluttony,"158, 193, 168;245, 235, 195;220, 153, 156;182, 123, 123;110, 76, 91",616,531,judebuffum.eth,1711557600
232,7 Deadly Sins: Greed,"22, 34, 53;52, 65, 78;131, 138, 94;194, 219, 161;227, 242, 216",572,512,judebuffum.eth,1711644000
233,The Bear Necessities,"67, 159, 92;250, 194, 108;221, 181, 68;180, 103, 57;75, 60, 55;18, 68, 32",531,489,judebuffum.eth,1711730400
234,Easter Egg Hunt,"103, 87, 103;176, 127, 135;209, 148, 171;216, 224, 229;167, 200, 200;109, 177, 169",597,529,cryptologist99.eth,1711816800
235,Vampires!,"81, 83, 95;152, 168, 176;239, 232, 218;241, 202, 179;243, 75, 74",535,493,judebuffum.eth,1711903200
236,History of Computers,"66, 154, 137;237, 230, 166;246, 178, 98;239, 100, 82",569,512,doctoridris.cb.id,1711989600
237,Beer!,"87, 85, 73;126, 109, 85;218, 164, 78;249, 211, 88;247, 245, 176",594,527,prophetmotive.cb.id,1712076000
238,Cityscapes: Paris,"41, 40, 81;66, 85, 101;192, 211, 218;244, 240, 235;232, 90, 97",582,501,judebuffum.eth,1712162400
239,Battle of the Memes: Dogs v Cats,"106, 76, 83;182, 115, 122;218, 188, 177;238, 200, 200;174, 184, 170",523,540,doctoridris.cb.id,1712248800
240,Nocturnal Cityscape,"50, 2, 31;75, 46, 57;108, 89, 110;111, 125, 140;119, 160, 169;235, 203, 107",667,513,BasePaint Team,1712335200
241,Persian carpets,"133, 79, 116;220, 91, 149;243, 129, 180;236, 213, 193",707,496,bombadilus.eth,1712421600
242,Dragon's Lair,"52, 17, 27;96, 15, 17;162, 58, 30;182, 162, 68;249, 233, 114",649,456,basepainter.eth,1712508000
243,Junkyard Treasure,"34, 44, 66;47, 68, 75;110, 97, 66;185, 116, 64;237, 220, 118",476,477,8bitmortal.eth,1712594400
244,Solar Eclipse 2024,"42, 44, 56;17, 20, 27;73, 78, 87;255, 221, 161;255, 255, 255",617,463,BasePaint Team,1712680800
245,Zion National Park,"72, 63, 79;158, 107, 112;211, 130, 120;251, 139, 105;244, 190, 150",552,463,basepainter.eth,1712767200
246,LFGotchi: Aavegotchis on Base!,"152, 116, 183;234, 205, 252;70, 27, 115;123, 160, 255;13, 56, 225;9, 22, 55",271,466,BasePaint Team,1712853600
247,NFT Graveyard,"6, 33, 90;51, 90, 133;194, 205, 217;239, 236, 227",503,476,buzzlightbeer.eth,1712940000
248,Abominations,"199, 83, 86;221, 218, 92;212, 179, 113;54, 29, 33",450,455,buzzlightbeer.eth,1713026400
249,Self Portraits,"248, 244, 207;160, 161, 148;90, 96, 95;58, 51, 55;36, 38, 54",473,481,buzzlightbeer.eth,1713112800
250,Cheese Factory,"147, 64, 57;177, 98, 69;203, 170, 105;219, 187, 95;177, 182, 149",418,496,0xbheem.eth,1713199200
251,Abstract Art,"28, 243, 134;44, 214, 224;192, 103, 227;200, 61, 126;157, 254, 93",486,482,olotus.eth,1713285600
252,Wood Shop,"24, 23, 26;76, 56, 52;146, 123, 85;181, 188, 109;229, 217, 154",431,494,cryptologist99.eth,1713372000
253,Murder Mystery Cafe,"47, 14, 39;126, 23, 34;153, 128, 118;201, 168, 130",436,468,taliskye.eth,1713458400
254,Zen Garden,"122, 192, 169;254, 242, 193;191, 219, 191;91, 153, 145;74, 62, 68",471,470,basepainter.eth,1713544800
255,The Bitcoin Halving,"18, 21, 30;69, 56, 29;255, 204, 62;186, 133, 18;255, 255, 255",748,495,BasePaint Team,1713631200
256,7 Wonders of the World: Petra,"250, 245, 216;216, 174, 139;33, 24, 27;205, 95, 42;242, 171, 55",420,473,satsfinney.eth,1713717600
257,Winemaking,"255, 255, 255;254, 108, 144;208, 55, 145;135, 40, 106;69, 36, 89;38, 13, 52",422,477,ksensei.eth,1713804000
258,Steampunk Caf√©,"60, 38, 47;138, 65, 80;176, 101, 78;224, 161, 80;239, 185, 134",408,486,satsfinney.eth,1713890400
259,Glacier National Park,"11, 57, 70;60, 151, 155;231, 243, 234;71, 108, 94",427,493,hentaimagi.eth,1713976800
260,"Higher, Together","255, 254, 255;252, 246, 96;177, 217, 64;81, 194, 62;23, 109, 123;35, 77, 111;35, 36, 69;31, 20, 49",905,501,BasePaint Team,1714063200
261,Minimalism,"75, 92, 87;173, 155, 125;251, 245, 239;191, 178, 186",764,531,buzzlightbeer.eth,1714149600
262,Dollhouse,"249, 86, 93;55, 146, 199;99, 181, 204;198, 214, 187",391,496,0xbheem.eth,1714236000
263,The Afterlife,"250, 230, 205;243, 192, 206;151, 155, 199",378,509,judebuffum.eth,1714322400
264,Sunflower City,"46, 68, 70;213, 213, 185;214, 196, 132;216, 172, 42",394,462,ticklish-art.eth,1714408800
265,Ancient Cave Paintings,"84, 63, 69;105, 92, 92;167, 72, 80;195, 132, 105;223, 166, 118",435,525,wmaustinchapman.cb.id,1714495200
266,Cyber Jungle,"41, 42, 43;66, 55, 97;86, 138, 132;109, 180, 110;254, 248, 233",399,476,0xbheem.eth,1714581600
267,Hearts,"72, 10, 48;180, 19, 96;255, 50, 124;255, 128, 174;255, 218, 232",361,447,creamymommy.eth,1714668000
268,1970s,"149, 124, 51;21, 84, 125;15, 58, 50;30, 101, 65;221, 156, 55",381,421,dzeeroggs.eth,1714754400
269,Absinthe: Chase the Green Fairy,"227, 212, 47;140, 242, 18;28, 216, 19;21, 69, 53",444,434,8bitmortal.eth,1714840800
270,Leather Goods,"48, 36, 25;79, 79, 72;159, 150, 86;230, 224, 113",368,421,0xbheem.eth,1714927200
271,Watercolor,"234, 239, 237;125, 203, 193;101, 150, 163;142, 91, 99;127, 55, 70",384,450,buzzlightbeer.eth,1715013600
272,Necromancer,"42, 23, 59;63, 44, 95;68, 63, 123;76, 92, 135;149, 197, 172;105, 128, 158",395,474,basepainter.eth,1715100000
273,Pottery Class,"44, 33, 55;118, 68, 98;237, 180, 161;169, 104, 104",333,473,0xbheem.eth,1715186400
274,90s Aesthetic,"250, 221, 162;107, 97, 255;102, 161, 255;142, 205, 230;240, 239, 244",383,447,basepainter.eth,1715272800
275,Sidewalk Chalk,"253, 169, 169;243, 237, 237;185, 238, 220;150, 190, 177;130, 147, 155",324,456,8bitmortal.eth,1715359200
276,Spoderman & His Bootleg Friends,"70, 66, 94;21, 120, 140;0, 185, 190;255, 238, 204;255, 176, 163;255, 105, 115",408,471,judebuffum.eth,1715445600
277,1980s,"103, 69, 119;100, 185, 202;255, 163, 214;255, 235, 229",333,437,codyhighroller.eth,1715532000
278,Futuristic Fashion Show,"41, 43, 48;97, 56, 84;171, 108, 132;255, 196, 209;255, 232, 225",346,468,b1ackb10ck.cb.id,1715618400
279,Laser Tag,"0, 0, 0;95, 72, 134;135, 103, 189;112, 185, 251;254, 0, 148",399,449,prophetmotive.cb.id,1715704800
280,Heatwave,"230, 211, 185;235, 189, 140;234, 153, 113;214, 119, 130;157, 93, 122;123, 66, 85",345,436,buzzlightbeer.eth,1715791200
281,Robot Factory,"33, 30, 32;85, 85, 104;160, 160, 139;233, 239, 236",415,423,b1ackb10ck.cb.id,1715877600
282,Cows,"38, 36, 35;105, 70, 62;172, 156, 155;226, 235, 231",333,420,prophetmotive.cb.id,1715964000
283,Plants,"222, 225, 178;146, 170, 138;67, 106, 85;52, 54, 53;30, 38, 43",321,412,judebuffum.eth,1716050400
284,Great Barrier Reef,"244, 196, 212;234, 146, 171;175, 127, 194;144, 133, 208;140, 118, 190;97, 86, 125",351,379,ticklish-art.eth,1716136800
285,Post-Apocalyptic Death Race,"186, 82, 88;158, 78, 88;116, 71, 88;86, 61, 78;73, 52, 67;38, 28, 34",325,426,judebuffum.eth,1716223200
286,Elves vs Goblins,"119, 67, 70;184, 118, 82;172, 185, 101;245, 242, 158",314,424,creamymommy.eth,1716309600
287,Tree Fort,"41, 49, 33;94, 99, 66;179, 123, 34;218, 160, 102",302,459,8bitmortal.eth,1716396000
288,Sculpture,"31, 31, 41;65, 58, 66;89, 96, 112;150, 162, 179;234, 240, 216",323,437,buzzlightbeer.eth,1716482400
289,Solar Storm,"102, 9, 42;125, 47, 28;217, 98, 26;225, 128, 37",303,423,afuro.eth,1716568800
290,In Memory of Kabosu,"198, 241, 244;149, 214, 241;39, 152, 182;255, 242, 208;255, 228, 155;255, 187, 60;179, 117, 42",702,402,BasePaint Team,1716655200
291,Happy ETH ETF Day,"36, 22, 51;46, 56, 68;78, 105, 113;153, 165, 147",375,405,buzzlightbeer.eth,1716741600
292,Food Truck Fiesta,"204, 225, 187;62, 104, 124;61, 85, 73;230, 102, 54;102, 80, 67",344,424,0xbheem.eth,1716828000
293,Sci-Fi,"5, 33, 60;17, 93, 110;87, 137, 76;179, 190, 70;253, 243, 82",351,409,endash.eth,1716914400
294,Aztec Empire,"140, 55, 42;57, 51, 72;32, 92, 98;18, 137, 147;95, 197, 183",369,402,prophetmotive.cb.id,1717000800
295,"Cowabunga, Dude!","199, 212, 189;78, 211, 229;83, 159, 166;243, 160, 63",316,414,wmaustinchapman.cb.id,1717087200
296,Hieroglyphs,"62, 48, 48;85, 69, 62;120, 92, 70;180, 149, 71;242, 214, 113",362,421,endash.eth,1717173600
297,Summer Garden,"100, 68, 52;169, 156, 122;249, 197, 159;230, 173, 134;217, 142, 135",280,416,amodb.eth,1717260000
298,Small Brush Showoff I,"36, 37, 36;84, 80, 81;104, 116, 125;202, 218, 194;236, 235, 155;255, 255, 205",323,392,ticklish-art.eth,1717346400
299,7 Wonders: Hanging Gardens,"64, 55, 64;116, 91, 90;103, 140, 98;183, 206, 122;251, 243, 185",372,428,cryptologist99.eth,1717432800
300,BasePaintCon 2024,"4, 23, 64;5, 42, 118;0, 68, 232;58, 121, 255;97, 82, 8;250, 205, 24;255, 255, 255",820,432,BasePaint Team,1717519200
301,Coding Catastrophe,"46, 49, 54;87, 90, 96;135, 139, 63;198, 190, 71;246, 240, 102",278,409,wmaustinchapman.cb.id,1717605600
302,Speedtracer Raceway,"14, 6, 33;89, 80, 108;230, 188, 42;110, 72, 0;216, 246, 254;241, 255, 182;203, 245, 28;3, 132, 49",332,418,BasePaint Team,1717692000
303,Drive-In Theatre,"41, 83, 84;173, 78, 57;248, 18, 70;231, 156, 51;216, 245, 221",289,413,0xbheem.eth,1717778400
304,Cryogenic Chamber,"7, 39, 62;53, 95, 183;121, 153, 225;222, 221, 215;240, 244, 231",318,395,b1ackb10ck.cb.id,1717864800
305,Classic Car Show,"50, 66, 54;85, 65, 52;211, 66, 60;243, 127, 71;246, 212, 98",298,402,wmaustinchapman.cb.id,1717951200
306,Voodoo,"229, 232, 223;206, 207, 139;176, 176, 128;131, 76, 115;62, 37, 66",260,403,ensadepth.eth,1718037600
307,Where's Pepe?,"246, 151, 227;194, 103, 177;255, 201, 255;89, 110, 97;134, 156, 142;182, 205, 190",282,440,8bitmortal.eth,1718124000
308,Noah's Ark,"103, 175, 117;55, 127, 73;244, 222, 79;222, 179, 81;231, 88, 71;175, 35, 30",257,406,judebuffum.eth,1718210400
309,Woodstock '69,"84, 87, 85;184, 111, 56;212, 217, 191;114, 200, 182;104, 171, 170",279,395,bloomingvisions.eth,1718296800
310,Cityscapes: New York City,"18, 29, 51;10, 53, 65;34, 89, 91;160, 179, 142;235, 239, 200",304,409,judebuffum.eth,1718383200
311,Monument Valley,"42, 96, 99;102, 163, 161;242, 195, 117;243, 139, 123;233, 81, 79",238,403,cryptomoogle.eth,1718469600
312,Red Light District,"116, 53, 86;226, 45, 64;215, 193, 206;241, 118, 161;72, 41, 71",281,394,ernestyu.eth,1718556000
313,Old Maps,"17, 30, 41;11, 53, 62;45, 134, 95;183, 191, 80;248, 229, 160",279,385,perchy.eth,1718642400
314,Meme Picnic,"45, 46, 52;100, 78, 62;205, 202, 60;249, 246, 235;29, 30, 35;152, 139, 68",231,435,judebuffum.eth,1718728800
315,Greetings from Onchain Summer,"49, 88, 116;0, 47, 72;81, 149, 121;197, 205, 135;253, 217, 148;251, 135, 128;255, 184, 175",418,420,BasePaint Team,1718815200
316,Portal,"45, 36, 60;86, 76, 103;119, 103, 137;166, 149, 185;216, 198, 235;227, 144, 55;225, 187, 105;255, 237, 153",265,384,BasePaint Team,1718901600
317,Pepe goes on Vacation,"83, 64, 76;128, 107, 120;251, 195, 237;113, 181, 90;162, 232, 137;57, 141, 72",263,421,deanharvey.eth,1718988000
318,What is hatching out these eggs?,"41, 39, 36;58, 103, 85;88, 163, 133;216, 212, 186;251, 250, 235",246,365,ticklish-art.eth,1719074400
319,24-Karat Canvas,"70, 64, 33;122, 108, 43;216, 180, 59;224, 224, 195",308,320,trombopoline.eth,1719160800
320,Rainy City Night,"17, 42, 62;50, 56, 72;78, 95, 96;156, 179, 161;236, 231, 190",198,363,0xbheem.eth,1719247200
321,CHOOSE YOUR FIGHTER,"242, 128, 105;227, 217, 186;117, 179, 146;70, 80, 63;60, 25, 26",241,379,trombopoline.eth,1719333600
322,Kami (Á•û),"211, 212, 213;184, 202, 196;246, 248, 247;160, 164, 143;107, 111, 101",232,330,trombopoline.eth,1719420000
323,Dollar Store Mint,"255, 255, 255;35, 31, 32;33, 85, 42;15, 170, 76;107, 200, 86",360,359,BasePaint Team,1719506400
324,Mutants,"39, 84, 51;78, 105, 64;212, 75, 34;228, 140, 7;253, 188, 6",469,371,bombadilus.eth,1719592800
325,Alphabets Of The World,"244, 226, 135;149, 161, 125;112, 118, 116;62, 75, 85;35, 45, 56",221,371,tormundgiantsbane.cb.id,1719679200
326,Arabian Nights,"35, 34, 38;176, 149, 89;250, 195, 107;237, 157, 84;166, 106, 52",221,372,judebuffum.eth,1719765600
327,Cupcakes vs Muffins,"79, 62, 74;179, 150, 100;236, 224, 135;206, 160, 72;194, 80, 85",237,340,creamymommy.eth,1719852000
328,Mermaids,"13, 54, 63;15, 83, 90;25, 134, 142;210, 211, 168;182, 111, 0;209, 155, 70",220,361,judebuffum.eth,1719938400
329,Sybil Attack,"170, 247, 93;123, 158, 11;81, 42, 52;141, 61, 31;194, 106, 72",230,336,cryptologist99.eth,1720024800
330,When life gives you lemons...,"17, 39, 26;68, 113, 21;119, 166, 20;226, 214, 57;244, 237, 20",214,359,0xbheem.eth,1720111200
331,Beehive,"18, 21, 30;255, 204, 62;186, 133, 18;255, 255, 255;102, 77, 33;56, 48, 36",218,357,cryptologist99.eth,1720197600
332,Fireworks,"46, 97, 89;83, 212, 130;228, 226, 126;253, 251, 242;210, 132, 104",222,323,ticklish-art.eth,1720284000
333,Trinity,"255, 255, 255;128, 128, 128;0, 0, 0",239,310,BasePaint Team,1720370400
334,Spelunking,"8, 34, 70;4, 56, 79;60, 85, 96;192, 198, 86;237, 238, 185",226,398,wmaustinchapman.cb.id,1720456800
335,The Garden of Eden,"224, 120, 56;226, 182, 108;182, 150, 96;74, 92, 88;48, 49, 54",237,396,wmaustinchapman.cb.id,1720543200
336,The Adventures of Cammy & Mike,"12, 53, 124;12, 12, 12;187, 217, 232;70, 0, 24;237, 0, 82;152, 46, 0;255, 184, 0;255, 241, 175",589,297,BasePaint Team,1720629600
337,Cityscapes: Brussels,"88, 78, 49;170, 138, 93;252, 251, 251;171, 198, 177;101, 100, 109",217,260,chippo.eth,1720716000
338,The worms have built a machine,"72, 29, 36;131, 21, 37;183, 106, 59;206, 168, 61;135, 92, 15",212,297,ticklish-art.eth,1720802400
339,Pi√±ata,"142, 171, 200;104, 125, 203;242, 94, 147;245, 146, 172;118, 56, 189;146, 25, 157",222,283,8bitmortal.eth,1720888800
340,Courtroom Drama,"26, 28, 34;63, 39, 43;148, 38, 38;166, 46, 54;112, 31, 23;255, 226, 87",212,290,0xbheem.eth,1720975200
341,UEFA Euro 2024 Final,"31, 23, 35;178, 39, 65;245, 70, 76;70, 86, 165;73, 149, 243;62, 197, 75;180, 230, 86",327,305,odonatum.cb.id,1721061600
342,Magic Show,"31, 10, 31;254, 255, 207;255, 235, 153;255, 195, 122;166, 49, 105;107, 21, 94",220,279,8bitmortal.eth,1721148000
343,Land meets Ocean,"8, 25, 60;24, 63, 116;43, 108, 159;159, 93, 43;186, 154, 76;219, 211, 186",218,288,wmaustinchapman.cb.id,1721234400
344,Deva in Southeast Asia,"178, 124, 252;88, 58, 129;170, 187, 255;222, 223, 255;253, 77, 144;254, 133, 146;254, 197, 146;51, 130, 110;53, 209, 169;83, 249, 163;197, 255, 163",213,275,BasePaint Team,1721320800
345,Farewell to Squiggles,"255, 255, 255;0, 255, 97;0, 241, 219;0, 203, 223;28, 143, 247;15, 87, 244;11, 51, 244;121, 51, 244;172, 52, 244;203, 68, 255;249, 68, 224;255, 12, 0",861,313,BasePaint Team,1721407200
346,Inside Jupiter's Great Red Spot,"255, 253, 240;255, 225, 125;255, 174, 74;247, 106, 35;163, 55, 41",211,277,taliskye.eth,1721493600
347,Emperor Qin's Terracotta Army,"59, 37, 36;115, 80, 68;183, 107, 83;228, 131, 98;255, 159, 114;255, 255, 213",222,263,zherring.eth,1721580000
348,Renaissance Faire,"23, 34, 92;58, 44, 117;147, 35, 139;202, 23, 80;249, 77, 21;254, 152, 30",212,308,8bitmortal.eth,1721666400
349,Avocados,"31, 43, 36;68, 94, 78;169, 171, 58;130, 107, 36;100, 78, 28;69, 48, 19",396,337,markchristianpilger.cb.id,1721752800
350,Taco Tuesday,"62, 26, 35;123, 83, 50;246, 155, 58;215, 40, 54;37, 57, 46;51, 132, 51",324,322,creamymommy.eth,1721839200
351,Social Summer Sand Castle Party,"175, 231, 255;56, 172, 198;10, 68, 109;64, 108, 50;126, 234, 96;107, 48, 23;255, 145, 98;255, 233, 154",510,311,BasePaint Team,1721925600
352,Sleepaway Camp,"45, 14, 3;127, 58, 40;165, 78, 20;108, 95, 23;74, 63, 12;138, 142, 85",240,291,judebuffum.eth,1722012000
353,Ethereum ETF is live!,"255, 253, 240;61, 33, 110;83, 71, 181;62, 119, 189;99, 182, 255",274,296,cryptojota.eth,1722098400
354,Lillypad Hoppin‚Äô,"236, 255, 188;189, 180, 13;102, 169, 76;28, 79, 20;211, 17, 85",223,285,wmaustinchapman.cb.id,1722184800
355,Film Noir,"37, 41, 69;81, 83, 105;132, 143, 161;217, 217, 204",238,293,nimashah.eth,1722271200
356,Bubblegum,"161, 53, 103;224, 103, 103;125, 48, 156;189, 70, 183",206,296,0xbheem.eth,1722357600
357,Asteroid Day,"192, 193, 136;160, 152, 120;82, 97, 67;39, 41, 16;130, 63, 58;67, 32, 21;28, 16, 9",196,307,judebuffum.eth,1722444000
358,High Fashion,"0, 0, 0;232, 227, 227;67, 24, 55;165, 53, 81;225, 143, 137;225, 192, 169",219,287,ernestyu.eth,1722530400
359,Imaginary Friends,"251, 245, 239;242, 211, 171;198, 159, 165;139, 109, 156;73, 77, 126;39, 39, 68",213,320,8bitmortal.eth,1722616800
361,Roller Rink,"255, 252, 251;9, 35, 39;221, 228, 82;241, 80, 37;131, 59, 98",204,294,cryptologist99.eth,1722789600
362,Sahara desert,"25, 7, 0;128, 55, 21;170, 135, 51;210, 208, 179",214,305,ushiro.eth,1722876000
363,Mariana Trench,"64, 64, 108;33, 33, 35;53, 43, 66;76, 95, 154;75, 128, 202",237,312,prophetmotive.cb.id,1722962400
364,Wanted posters,"60, 43, 59;97, 58, 71;128, 73, 58;167, 123, 91;229, 206, 180",238,315,danielailustra.eth,1723048800
365,BasePaint Birthday Cake,"4, 23, 64;5, 42, 118;0, 68, 232;58, 121, 255;159, 133, 8;250, 205, 24;255, 255, 255",415,336,BasePaint Team,1723135200
366,On chain summer 2,"247, 238, 130;245, 135, 44;85, 36, 107;42, 2, 42",282,335,BasePaint Team,1723221600
367,Birds Aren't Real,"242, 240, 229;184, 181, 185;134, 129, 136;100, 99, 101;69, 68, 79",271,324,creamymommy.eth,1723308000
368,PepeFest,"242, 246, 236;206, 51, 41;226, 136, 65;246, 222, 89;170, 206, 0;77, 140, 56;19, 97, 206;45, 49, 231;19, 53, 8;28, 17, 46",312,319,BasePaint Team,1723394400
369,Bullfight,"246, 205, 38;172, 107, 38;86, 50, 38;66, 32, 26;57, 57, 57;32, 32, 32",214,318,BasePaint Team,1723480800
370,BasePaint Overworld Map,"32, 60, 86;208, 129, 89;255, 170, 94;255, 212, 163;255, 236, 214",226,326,BasePaint Team,1723567200
371,Break dance,"251, 187, 173;238, 134, 149;74, 122, 150;51, 63, 88;41, 40, 49",250,322,xiple.eth,1723653600
372,The life of nomads,"209, 177, 135;199, 123, 88;174, 93, 64;121, 68, 74;75, 61, 68;186, 145, 88",260,313,bombadilus.eth,1723740000
373,Witch's Hut,"146, 116, 65;77, 69, 57;119, 116, 59;179, 165, 85;210, 201, 165",232,248,ensadepth.eth,1723826400
374,Plato's Cave,"12, 12, 13;63, 61, 71;139, 125, 115;205, 178, 123",239,221,cryptologist99.eth,1723912800
375,Bakery,"255, 236, 189;250, 207, 122;225, 138, 80;116, 70, 49;54, 39, 25;174, 97, 56",228,247,xiple.eth,1723999200
376,Control Panel,"99, 235, 71;224, 247, 110;41, 143, 163;40, 53, 118;51, 31, 71;230, 176, 69;217, 38, 64",286,241,trombopoline.eth,1724085600
377,Blues Music,"60, 0, 78;54, 26, 107;43, 78, 165;38, 104, 194;65, 155, 201;118, 255, 214",246,237,8bitmortal.eth,1724172000
378,Astronauts' Moon Walk,"225, 216, 212;135, 140, 157;69, 86, 141;18, 18, 27",261,241,aaizu.eth,1724258400
379,Summer Lantern FestivalüéÜ,"115, 70, 76;171, 86, 117;238, 106, 124;255, 167, 165;255, 224, 126;255, 231, 214;114, 220, 187",240,233,hronus.eth,1724344800
380,Platformer HD,"155, 161, 74;91, 121, 67;57, 89, 74;35, 56, 48",322,230,judebuffum.eth,1724431200
381,Cardboard City,"25, 24, 24;129, 99, 77;165, 144, 109;212, 200, 187",225,233,0xbheem.eth,1724517600
382,Stamp Collection,"34, 31, 50;229, 235, 234;120, 171, 203;78, 136, 172;155, 114, 173;128, 79, 149;186, 123, 134;162, 87, 99;153, 203, 120;84, 166, 94",238,238,BasePaint Team,1724604000
383,99 Bottles of Beer on the Wall,"49, 54, 56;87, 71, 41;151, 83, 48;197, 121, 56;255, 173, 59;255, 229, 150",230,263,trombopoline.eth,1724690400
384,Comedy Club,"65, 0, 55;255, 238, 204;255, 174, 201;254, 91, 169;176, 21, 80;116, 0, 63",216,242,judebuffum.eth,1724776800
385,Bankless Buck,"251, 245, 231;238, 219, 203;193, 163, 135;113, 101, 79;240, 184, 174;225, 159, 149;197, 129, 123;208, 240, 240;177, 217, 216;128, 178, 179",457,256,BasePaint Team,1724863200
386,Terrarium,"0, 139, 65;159, 214, 105;239, 172, 108;248, 232, 218;30, 15, 46",220,236,cryptologist99.eth,1724949600
387,The 1st Industrial Revolution,"49, 54, 40;89, 83, 88;133, 127, 116;164, 172, 150",228,220,8bitmortal.eth,1725036000
388,Pompeii 79CE Mt Vesuvius,"110, 39, 39;174, 35, 52;232, 59, 59;251, 107, 29;247, 150, 23;255, 187, 121",229,230,wmaustinchapman.cb.id,1725122400
389,kiss my lips,"176, 21, 80;254, 91, 169;255, 174, 201;255, 238, 204;234, 239, 255;183, 198, 249;51, 79, 172;10, 37, 128",223,243,nimashah.eth,1725208800
390,Silk Screen,"251, 214, 173;241, 147, 134;165, 67, 113;76, 56, 138",237,253,trombopoline.eth,1725295200
391,Japanese Irezumi Tattoo,"126, 65, 95;175, 110, 140;226, 157, 188;220, 92, 69;255, 141, 113;255, 190, 160;174, 2, 60;33, 192, 162;0, 143, 115;102, 243, 211",234,232,bloomingvisions.eth,1725381600
392,Dystopia Mecha,"13, 43, 69;32, 60, 86;84, 78, 104;141, 105, 122;160, 132, 140;3, 10, 16",228,235,afuro.eth,1725468000
394,Vikings!,"23, 63, 84;65, 128, 104;205, 217, 168;216, 185, 47;163, 137, 0;255, 235, 99",210,234,judebuffum.eth,1725640800
395,Night Carnival,"50, 2, 31;75, 46, 57;108, 89, 110;111, 125, 140;119, 160, 169;235, 203, 107",238,217,ernestyu.eth,1725727200
396,Dada Collage,"80, 68, 61;126, 142, 154;167, 187, 164;206, 202, 153;240, 220, 174",227,209,judebuffum.eth,1725813600
397,Ice Palace,"255, 255, 255;12, 230, 242;0, 152, 219;30, 87, 156;32, 53, 98;32, 21, 51",249,217,cryptologist99.eth,1725900000
398,Rodeo!,"124, 63, 88;235, 107, 111;249, 168, 117;255, 246, 211",240,221,cryptologist99.eth,1725986400
399,Macaroni Art Masterpiece,"0, 48, 59;78, 73, 76;212, 152, 74;255, 255, 199;227, 203, 156;246, 199, 93",255,228,8bitmortal.eth,1726072800
400,Night at the BasePaint Museum,"4, 23, 64;5, 42, 118;0, 68, 232;58, 121, 255;159, 133, 8;188, 90, 60;250, 205, 24;255, 255, 255",510,246,BasePaint Team,1726159200
401,Rats! Rats! Rats!,"26, 33, 41;49, 33, 55;81, 40, 57;113, 49, 65",269,226,cryptologist99.eth,1726245600
402,Cats! Cats! Cats!,"45, 22, 44;65, 39, 82;104, 58, 104;151, 117, 166",269,214,chippo.eth,1726332000
403,Victor Frankenstein's Laboratory,"0, 0, 0;64, 40, 89;53, 55, 99;39, 95, 119;56, 135, 113;90, 158, 92",236,224,bloomingvisions.eth,1726418400
404,404 Error,"0, 68, 232;255, 255, 255",334,223,punx.eth,1726504800
405,Brain surgery,"21, 18, 68;96, 17, 127;146, 42, 149;190, 125, 188;53, 8, 40",251,215,ticklish-art.eth,1726591200
406,Daguerreotype,"41, 37, 37;72, 59, 55;123, 101, 76;164, 152, 84;224, 227, 114;219, 250, 212",238,232,judebuffum.eth,1726677600
407,Brutalist Architecture,"209, 173, 161;94, 117, 156;127, 44, 68;59, 37, 46",235,244,juxton.eth,1726764000
408,Newspaper,"255, 255, 255;217, 217, 217;179, 179, 179;0, 0, 0",256,219,trombopoline.eth,1726850400
409,Pinkyblu,"33, 89, 255;255, 177, 191",237,203,BasePaint Team,1726936800
410,50s Sci-Fi Movie Posters,"219, 191, 121;215, 152, 100;157, 87, 39;172, 113, 79;114, 58, 11;135, 36, 37;70, 19, 7",242,230,zherring.eth,1727023200
411,Neon Alley,"248, 227, 196;204, 52, 149;107, 31, 177;11, 6, 48",227,235,cryptologist99.eth,1727109600
412,The Wasteland,"239, 249, 214;186, 80, 68;122, 28, 75;27, 3, 38",222,227,juxton.eth,1727196000
413,Space Race,"255, 255, 255;244, 46, 31;47, 37, 107;6, 6, 8",245,263,wmaustinchapman.cb.id,1727282400
414,Blueprints,"8, 0, 31;68, 77, 132;178, 213, 209",232,241,creamymommy.eth,1727368800
415,PAINTCRAFT,"214, 190, 156;188, 112, 107;114, 79, 95;156, 214, 187;107, 183, 188;79, 93, 114;57, 51, 54",232,244,afuro.eth,1727455200
416,Roswell: Area 51,"215, 216, 149;118, 188, 107;71, 107, 96;7, 46, 48;13, 32, 34;129, 107, 188;71, 71, 107",242,236,ensadepth.eth,1727541600
417,Extra Spicy!,"13, 16, 27;40, 26, 45;107, 35, 65;175, 39, 71;238, 36, 61",224,220,8bitmortal.eth,1727628000
418,Punk Rock Zombies,"33, 6, 19;246, 48, 144;255, 255, 245",255,217,ernestyu.eth,1727714400
419,Retro Moshi Camera,"234, 51, 99;249, 219, 189;242, 198, 175;83, 163, 142;144, 187, 158;17, 34, 64;28, 64, 90;111, 128, 139;255, 253, 248",294,242,Moshicam Team,1727800800
420,Reefer Madness,"191, 255, 175;88, 216, 76;27, 154, 20;255, 242, 175;255, 226, 76;191, 28, 21;98, 18, 14",257,250,BasePaint Team,1727887200
421,"Fallen Leaves, Silent Paths","22, 4, 2;76, 48, 18;88, 89, 49;177, 149, 76;152, 181, 104;39, 77, 87;54, 110, 127",238,229,zherring.eth,1727973600
422,Robin Hood,"139, 68, 66;53, 33, 42;154, 107, 82;249, 228, 175;128, 158, 79;78, 83, 93;122, 161, 164;99, 145, 83",221,222,judebuffum.eth,1728060000
423,Junk Drawer,"247, 229, 200;184, 133, 99;145, 85, 74;66, 40, 46;108, 75, 94;108, 125, 141;144, 160, 94",247,231,trombopoline.eth,1728146400
424,Mushroom Forest,"98, 46, 76;117, 80, 232;96, 143, 207;139, 229, 255",239,225,bloomingvisions.eth,1728232800
425,Cenote Angelita,"45, 27, 0;30, 96, 110;90, 185, 168;196, 240, 194",253,227,wmaustinchapman.cb.id,1728319200
426,Haunted House,"31, 31, 41;65, 58, 66;89, 96, 112;150, 162, 179;234, 240, 216",217,239,trombopoline.eth,1728405600
427,Toxic Dump ‚ò¢Ô∏è,"51, 44, 80;70, 135, 143;148, 227, 68;226, 243, 228",228,223,alex-vega.eth,1728492000
428,The Snake,"255, 255, 255;242, 205, 159;234, 152, 107;229, 68, 68;170, 71, 108;104, 59, 85;16, 16, 16",277,224,trombopoline.eth,1728578400
429,Kawaii HD,"255, 208, 164;244, 148, 156;124, 154, 172;104, 81, 138",238,235,cryptologist99.eth,1728664800
430,Retro Futurism,"7, 52, 103;234, 109, 109;255, 188, 54",233,212,justnotanerd.cb.id,1728751200
431,The Million Dollar Homepage,"231, 230, 232;1, 1, 1;117, 251, 77;234, 51, 35;20, 1, 245;254, 253, 84;234, 53, 243",265,226,BasePaint Team,1728837600
432,Heavy Equipment,"39, 41, 70;237, 160, 49;231, 255, 238",218,201,bloomingvisions.eth,1728924000
433,"Olivia‚Äôs Grove, Page 1","64, 51, 63;87, 100, 34;175, 151, 80;255, 84, 16;210, 115, 6;112, 49, 19",260,215,BasePaint Team,1729010400
434,"Olivia‚Äôs Grove, Page 2","64, 51, 63;141, 22, 22;87, 100, 34;38, 69, 25;185, 110, 25;121, 81, 29;93, 32, 3",239,214,BasePaint Team,1729096800
435,"Olivia‚Äôs Grove, Page 3","64, 51, 63;169, 85, 161;218, 66, 177;43, 76, 28;87, 100, 34;165, 188, 47;112, 49, 19;210, 115, 6",240,208,BasePaint Team,1729183200
436,"Olivia‚Äôs Grove, Page 4","64, 51, 63;154, 63, 145;178, 87, 199;255, 111, 217;112, 49, 19;210, 115, 6;255, 84, 16;35, 81, 14;102, 122, 22",238,205,BasePaint Team,1729269600
437,"Olivia's Grove, Page 5","64, 51, 63;164, 42, 48;202, 90, 80;255, 111, 217;210, 115, 6;218, 186, 63;255, 84, 16;56, 120, 37;39, 84, 26",268,194,BasePaint Team,1729356000
438,Bigfoot Sightings,"64, 51, 47;133, 109, 82;149, 199, 152;251, 255, 224",226,201,creamymommy.eth,1729442400
439,El Chupacabra for President,"75, 23, 39;201, 72, 69;251, 176, 65;219, 196, 111;88, 154, 107",224,211,ticklish-art.eth,1729528800
440,Oops! All Dithering,"39, 21, 29;129, 63, 85;161, 25, 25;221, 73, 34;247, 205, 72;255, 255, 122",217,224,trombopoline.eth,1729615200
441,Bionic chicken battle,"228, 96, 15;255, 126, 46;255, 193, 114;229, 166, 33;255, 215, 87;79, 92, 98;123, 137, 143;170, 185, 191",215,240,danielailustra.eth,1729701600
442,Castle Ethereum,"42, 62, 66;89, 173, 158;200, 214, 181;252, 219, 181;226, 73, 70;255, 124, 114;255, 174, 161",212,247,perchy.eth,1729788000
443,The Worst Canvas So Far,"54, 58, 88;109, 123, 138;221, 206, 199;211, 209, 103;255, 255, 151",209,239,olotus.eth,1729874400
444,Mini Golf!,"30, 155, 147;0, 108, 101;107, 225, 108;250, 168, 107;254, 10, 78;195, 0, 39;138, 0, 0",215,202,anorako.cb.id,1729960800
445,The Land of Milk and Honey,"95, 103, 115;89, 201, 211;238, 234, 220;241, 198, 69;199, 161, 78",237,211,ernestyu.eth,1730047200
446,Hawking's Time Traveller Party,"135, 199, 195;87, 150, 147;244, 181, 136;244, 138, 107;239, 90, 72",213,220,imaqtkaii.base.eth,1730133600
447,Retro Anime,"193, 26, 12;251, 85, 56;255, 136, 100;255, 254, 253;95, 202, 210;12, 70, 119;26, 40, 57",220,212,ensadepth.eth,1730220000
448,Tibetan Sand Mandala,"28, 42, 64;32, 137, 128;246, 223, 159;205, 81, 81;111, 32, 39",264,216,juxton.eth,1730306400
449,#Inktober2024,"255, 255, 255;0, 0, 0",246,207,BasePaint Team,1730392800
450,Halloween 3 - Season of the Glitch,"0, 0, 0;234, 51, 35;105, 0, 186",203,200,BasePaint Team,1730479200
451,Ghostly Forest,"121, 104, 86;145, 174, 165;183, 218, 214;230, 214, 203;182, 173, 151",208,199,zherring.eth,1730565600
452,Aztec Ruins,"178, 195, 121;229, 246, 169;100, 127, 97;61, 84, 80",207,193,bladerunnerc20.cb.id,1730652000
453,Peanut the Squirrel,"255, 203, 137;255, 161, 42;252, 104, 10;171, 82, 0;118, 25, 18;70, 0, 0",353,207,creamymommy.eth,1730738400
454,Leaf Collection,"33, 59, 54;243, 197, 176;245, 143, 9;215, 77, 9;132, 23, 48;228, 111, 34;173, 51, 38",214,201,trombopoline.eth,1730824800
455,Pastel Landscape,"105, 125, 113;141, 165, 129;241, 170, 132;219, 102, 89;165, 55, 47;248, 134, 137",220,182,wmaustinchapman.cb.id,1730911200
456,Spot the Difference,"252, 209, 179;206, 70, 68;139, 54, 62;126, 85, 108;174, 130, 154;81, 43, 65",212,168,cryptologist99.eth,1730997600
457,Resource Allocation In the Infinite Garden,"217, 235, 248;129, 202, 255;38, 156, 242;252, 239, 197;255, 219, 104;167, 217, 160;107, 197, 61;31, 60, 27;127, 61, 59;143, 97, 74;46, 30, 37",559,177,BasePaint Team,1731084000
458,80s Dance Aerobics,"177, 226, 108;84, 212, 216;115, 84, 216;69, 69, 145;226, 108, 128;255, 255, 255",228,173,ernestyu.eth,1731170400
459,Lizardpeople Reveal Party,"35, 35, 43;56, 82, 58;116, 132, 89;83, 106, 67;45, 60, 51",216,174,taliskye.eth,1731256800
460,War of the Roses,"255, 238, 204;188, 117, 46;255, 173, 201;254, 91, 169;176, 20, 80;147, 208, 217;80, 157, 201;10, 55, 94;19, 25, 37",223,177,zherring.eth,1731343200
461,Trading Cards,"37, 47, 70;73, 97, 192;95, 177, 162;250, 218, 184;221, 171, 64;209, 96, 60;139, 54, 63;98, 46, 118",248,195,BasePaint Team,1731429600
462,Amber Fossils,"24, 22, 23;132, 17, 15;248, 19, 15;223, 104, 46;255, 152, 91;255, 201, 138",201,206,ernestyu.eth,1731516000
463,Moloch on Mushrooms,"255, 251, 180;236, 147, 122;230, 67, 136;158, 17, 76;43, 255, 144;108, 245, 173;65, 57, 220;40, 36, 116",428,183,BasePaint Team,1731602400
464,Zero Gravity Taco Party,"40, 45, 60;91, 93, 112;116, 131, 140;255, 196, 184;246, 145, 151",201,180,deanharvey.eth,1731688800
465,Mount Rushmore BP Edition,"107, 76, 85;174, 147, 122;196, 141, 132;233, 147, 141;213, 107, 92",183,158,ensadepth.eth,1731775200
466,Circuit Board,"27, 81, 88;76, 112, 122;142, 157, 108;208, 185, 108;244, 244, 225;104, 127, 94",203,179,trombopoline.eth,1731861600
467,Television Test Card Chaos,"0, 0, 0;0, 0, 255;255, 0, 0;255, 0, 255;0, 255, 0;0, 255, 255;255, 255, 0;255, 255, 255",221,190,ernestyu.eth,1731948000
468,DO NOT EAT,"255, 241, 232;255, 119, 168;131, 118, 156;95, 87, 79;0, 0, 0",201,197,ticklish-art.eth,1732034400
469,Karma Police,"23, 21, 22;69, 114, 227;138, 161, 246;250, 214, 255;234, 160, 211;212, 128, 187;194, 51, 81",188,204,8bitmortal.eth,1732120800
470,Primitivism,"0, 0, 0;29, 43, 83;95, 87, 79;131, 118, 156;41, 173, 255;194, 195, 199;255, 241, 232",214,177,bloomingvisions.eth,1732207200
471,BasePaint Arcade,"0, 0, 0;34, 34, 36;36, 31, 148;135, 49, 174;104, 193, 202;204, 210, 80;255, 255, 255",190,173,prophetmotive.cb.id,1732293600
472,Koi Fish Pond,"188, 215, 231;109, 181, 184;92, 141, 171;55, 90, 110;189, 106, 98;163, 60, 71;82, 51, 63;41, 29, 43",185,167,bloomingvisions.eth,1732380000
473,El Dorado: The City of Gold,"53, 49, 69;45, 95, 99;72, 122, 94;168, 153, 88;211, 176, 84;235, 222, 124;249, 246, 211",186,169,ernestyu.eth,1732466400
474,Moon Garden,"87, 72, 88;116, 105, 148;142, 141, 234;226, 176, 238;228, 225, 220",195,167,naime.eth,1732552800
475,Elephant in the Room,"0, 0, 0;48, 48, 48;94, 94, 94;145, 145, 145;198, 198, 198;255, 255, 255;255, 140, 140;255, 0, 0;123, 0, 0",191,179,alphaslick.eth,1732639200
476,Charcuterie Board,"90, 58, 96;119, 79, 113;140, 101, 123;186, 161, 160;229, 224, 172;217, 184, 130;204, 124, 82;186, 60, 56",157,182,cryptologist99.eth,1732725600
477,Tarot,"118, 184, 153;84, 158, 159;54, 133, 120;39, 89, 108;60, 55, 135;45, 25, 82;19, 5, 27;77, 24, 82;134, 57, 69",207,161,judebuffum.eth,1732812000
478,Memecoin Stamp Collection,"26, 205, 202;215, 255, 255;0, 155, 153;248, 244, 181;250, 169, 47;242, 114, 28;251, 64, 50;192, 0, 7;136, 0, 0",211,178,tormundgiantsbane.cb.id,1732898400
479,Undead Army,"51, 59, 62;104, 167, 136;58, 120, 91;180, 239, 203;231, 255, 254",182,158,bloomingvisions.eth,1732984800
480,Camouflage,"29, 29, 30;63, 70, 22;128, 139, 74;242, 227, 153;255, 255, 202;255, 189, 133;99, 54, 0",179,164,judebuffum.eth,1733071200
481,üåù Sleepy Time HD üí§,"47, 23, 45;74, 43, 80;86, 83, 125;113, 160, 178;148, 221, 219;192, 235, 212;236, 248, 214;255, 255, 255",186,174,trombopoline.eth,1733157600
482,Gingerbread Kingdom,"47, 33, 63;89, 73, 106;134, 117, 152;171, 76, 103;223, 123, 149;255, 172, 197;232, 151, 63;255, 200, 110;255, 251, 158",181,180,dayreon.eth,1733244000
483,Peppermint Forest,"29, 33, 69;110, 45, 95;191, 67, 89;246, 116, 134;255, 166, 182;242, 234, 202;191, 184, 153;142, 136, 107",180,176,taliskye.eth,1733330400
484,Hide and Seek,"229, 239, 210;175, 206, 162;139, 164, 153;94, 117, 107;52, 73, 64;46, 45, 47",185,173,judebuffum.eth,1733416800
485,Build-A-Chonk,"52, 152, 219;27, 43, 133;135, 244, 243;0, 0, 0;255, 255, 255;226, 204, 201;233, 184, 114;156, 116, 60;117, 85, 54;230, 59, 46;230, 126, 34;241, 249, 80;130, 232, 80;65, 226, 43;233, 69, 176;131, 19, 92",827,184,BasePaint Team,1733503200
486,"$100,000","33, 38, 29;170, 70, 54;214, 116, 54;255, 164, 99;255, 214, 146;200, 202, 114;252, 253, 162",275,170,trombopoline.eth,1733589600
487,Rap Battle,"36, 51, 66;49, 65, 50;117, 80, 48;181, 100, 54;251, 117, 57;255, 166, 103;255, 216, 150;255, 255, 199",204,160,judebuffum.eth,1733676000
488,Chinese Blue & White Porcelain,"150, 64, 73;100, 16, 34;218, 126, 123;158, 213, 243;73, 106, 168;107, 142, 195;47, 77, 150;255, 255, 255",191,185,ernestyu.eth,1733762400
489,Somethings Growing in the Fridge,"53, 56, 89;110, 123, 143;202, 178, 174;253, 228, 224;223, 223, 143;172, 173, 96;123, 126, 52",180,196,8bitmortal.eth,1733848800
490,Santa's Village (as a JRPG town),"255, 255, 255;189, 255, 246;149, 224, 206;79, 182, 158;23, 104, 88;64, 30, 42;142, 63, 88;251, 161, 146;254, 211, 193",170,173,creamymommy.eth,1733935200
491,Hot Dog Cart,"82, 19, 21;130, 29, 26;213, 34, 36;212, 118, 19;226, 171, 13;255, 220, 77;255, 255, 178",171,176,afuro.eth,1734021600
492,Night Vision,"13, 29, 56;34, 56, 64;66, 152, 93;58, 205, 133;97, 236, 124;152, 255, 173;204, 255, 223;255, 255, 255",173,158,judebuffum.eth,1734108000
493,Candlelit Library,"88, 21, 49;63, 39, 45;201, 111, 48;252, 179, 97;255, 229, 144;255, 255, 193;255, 255, 244",172,155,ernestyu.eth,1734194400
494,Bird Paradise,"8, 55, 86;19, 106, 116;132, 189, 66;245, 235, 75;255, 255, 127;255, 255, 177;187, 71, 23;243, 118, 67;255, 167, 112;255, 217, 159",171,154,thessalonikiboi.eth,1734280800
495,Jigsaw Puzzle,"252, 63, 12;253, 126, 6;255, 175, 69;255, 225, 117;255, 255, 166;41, 47, 64;82, 88, 107;127, 133, 153",154,169,judebuffum.eth,1734367200
496,Ugly Based Christmas Sweater,"229, 19, 22;255, 255, 255;0, 0, 0",185,166,BasePaint Team,1734453600
497,Lost City of Atlantis,"7, 45, 88;7, 72, 115;63, 159, 180;118, 208, 230;170, 255, 255;222, 255, 255;252, 221, 161;200, 171, 114;150, 124, 70;102, 80, 28",171,167,fredyrim.eth,1734540000
498,Drones Over New Jersey,"19, 27, 80;66, 66, 125;112, 109, 173;160, 155, 223;110, 214, 120;162, 255, 168;214, 255, 218",168,157,its.crekto.eth,1734626400
499,Your First Celebrity Crush,"229, 190, 143;255, 240, 192;255, 255, 243;220, 106, 118;255, 155, 165;255, 205, 214;138, 48, 98;103, 38, 82;43, 27, 41",164,161,judebuffum.eth,1734712800
500,BasePaint Office Party,"3, 23, 65;4, 42, 117;0, 68, 232;58, 120, 255;140, 25, 25;233, 82, 82;255, 174, 174;46, 100, 19;36, 165, 77;103, 255, 151;255, 255, 255",245,175,BasePaint Team,1734799200
393,Adventures of Don Quixote,"170, 74, 32;70, 0, 0;186, 161, 136;237, 210, 184;137, 115, 91;255, 252, 218",219,234,tormundgiantsbane.cb.id,1725554400
55,Star Wars,"85, 85, 102;143, 145, 145;230, 187, 199;242, 237, 237;196, 236, 221",707,593,,1696351200
57,Coca-cola,"255, 255, 255;224, 67, 48;45, 37, 103;6, 6, 8",737,609,,1696524000
64,The Lord of the Rings,"245, 246, 225;102, 142, 121;63, 79, 102;53, 42, 79",541,787,,1697128800
67,Astronomy,"224, 213, 180;154, 135, 143;69, 51, 73;34, 16, 26",446,776,,1697388000
70,Dinosaurs,"210, 199, 132;230, 165, 59;75, 164, 128;33, 82, 116;19, 46, 92",452,794,,1697647200
79,Halloween,"33, 9, 1;95, 23, 11;143, 27, 19;182, 58, 20;241, 172, 35",351,794,,1698424800
97,Microscopic Life,"255, 255, 255;254, 108, 144;208, 55, 145;135, 40, 106;69, 36, 89;38, 13, 52",163,594,,1699980000
101,Nocturnal Critters,"33, 30, 32;85, 85, 104;160, 160, 139;233, 239, 236",208,656,,1700325600
102,Bottom of the Ocean,"38, 16, 73;254, 120, 66;69, 226, 231;47, 92, 212",193,616,,1700412000
106,Artificial Intelligence,"221, 255, 247;255, 210, 252;233, 128, 252;185, 106, 201",270,566,,1700757600
107,Polar Expedition,"221, 255, 247;147, 225, 216;255, 166, 158",165,600,,1700844000
111,Arcade,"5, 31, 57;74, 36, 128;197, 58, 157;255, 142, 128",165,546,,1701189600
112,üåù Sleepy Time üí§,"64, 31, 62;63, 46, 86;69, 63, 120;117, 154, 171;250, 242, 161",170,563,,1701276000
114,Amphibians,"28, 49, 68;89, 111, 98;126, 161, 107;195, 216, 152",199,529,,1701448800
118,Money,"141, 90, 151;144, 127, 159;164, 165, 174;176, 199, 189;184, 235, 208",273,526,,1701794400
189,Dinosaur Lake Party,"61, 206, 214;87, 67, 48;62, 87, 48;135, 220, 107;222, 248, 241",281,455,,1707928800
360,Paris 2024 Olympic Games,"78, 76, 199;93, 116, 207;121, 148, 212;121, 190, 224",236,283,,1722703200
501,The Secret Life of Marshmallows,"187, 103, 107;240, 150, 153;255, 199, 202;255, 250, 253;93, 41, 44;49, 0, 0",156,159,judebuffum.eth,1734885600
502,Vintage Pepe,"93, 127, 100;50, 82, 58;155, 195, 153;238, 230, 165;245, 163, 110;255, 213, 157;191, 116, 66;139, 72, 23;220, 63, 59;163, 0, 20;255, 115, 102;255, 165, 148",178,159,fredyrim.eth,1734972000
503,Silent Cinema,"25, 23, 29;27, 36, 50;55, 71, 83;108, 115, 117;186, 186, 202;236, 236, 253;255, 255, 255",168,157,nimashah.eth,1735058400
504,Where the mountains meet the sea,"26, 67, 96;111, 138, 173;161, 176, 231;242, 198, 140;190, 150, 94;255, 249, 189",167,156,zherring.eth,1735144800
505,Easter Island Idols BP Edition,"76, 58, 66;120, 100, 109;167, 146, 155;127, 141, 126;174, 189, 173;224, 239, 223;225, 172, 132;173, 125, 87;255, 222, 180",160,170,ensadepth.eth,1735231200
506,Neptune,"200, 225, 192;251, 255, 243;45, 135, 112;96, 183, 158;146, 234, 207;16, 60, 79;0, 22, 39",160,160,turtlepainter.eth,1735317600
507,The Backrooms,"66, 56, 66;99, 69, 81;183, 127, 126;234, 175, 173;255, 225, 223;255, 255, 255",160,161,creamymommy.eth,1735404000
508,BasePaint: The Board Game,"89, 84, 72;48, 43, 33;114, 151, 129;125, 199, 168;174, 250, 218;225, 255, 255;233, 225, 166;237, 150, 76;182, 104, 30;129, 60, 0",N/A,172,judebuffum.eth,1735490400
509,Chakras,"111, 98, 90;192, 119, 79;246, 166, 124;247, 113, 102;191, 64, 59;255, 162, 148;236, 210, 106;178, 219, 177;130, 169, 129;84, 122, 84;228, 255, 227",N/A,168,chippo.eth,1735576800
510,Ogre Swamp,"146, 189, 21;198, 240, 81;112, 151, 21;64, 105, 0;146, 70, 30;199, 115, 72;253, 162, 117",N/A,164,alphaslick.eth,1735663200
511,2024 Year in Review,"253, 246, 217;82, 141, 142;34, 95, 97;130, 189, 190;179, 240, 241;230, 255, 255;248, 221, 162;196, 171, 115",N/A,158,judebuffum.eth,1735749600
512,Kung Fu Legends,"20, 86, 118;175, 227, 255;226, 255, 255;117, 35, 26;169, 80, 65;222, 126, 108;71, 27, 20",N/A,162,prophetmotive.cb.id,1735836000
513,Online Shopping,"222, 47, 56;165, 0, 18;255, 103, 99;255, 153, 145;252, 236, 191;188, 217, 196;8, 176, 178;15, 69, 87;0, 30, 46",N/A,155,olotus.eth,1735922400
514,üé∂When a Banana Loves a Guavaüéµ,"222, 183, 65;255, 233, 114;255, 255, 163;165, 69, 54;219, 115, 96;255, 163, 142;134, 40, 95;184, 88, 140;236, 136, 188",N/A,161,taliskye.eth,1736008800
515,Illuminati,"22, 26, 30;55, 81, 81;100, 149, 141;156, 195, 185;236, 246, 245",N/A,152,juxton.eth,1736095200
516,Rock Legends,"57, 41, 48;125, 125, 115;222, 222, 211",N/A,152,fredyrim.eth,1736181600
517,Persian Miniature,"249, 210, 141;213, 161, 74;144, 145, 90;99, 81, 70;40, 51, 56",N/A,152,naime.eth,1736268000
518,Coffee vs Tea,"53, 54, 43;87, 101, 80;168, 173, 128;239, 237, 173;143, 98, 61;193, 144, 104;245, 192, 150;255, 243, 199",N/A,177,deanharvey.eth,1736354400
519,AI Agents: Base Chain Takeover,"3, 89, 142;38, 174, 197;161, 255, 255;206, 206, 120;156, 157, 74;242, 178, 51;255, 228, 102;255, 255, 151;218, 75, 55;255, 125, 98;255, 174, 144",N/A,155,creamymommy.eth,1736440800
520,Topiary,"143, 80, 58;194, 125, 101;247, 173, 147;25, 160, 124;78, 191, 134;134, 240, 170;186, 255, 220;237, 255, 255",N/A,160,8bitmortal.eth,1736527200
521,Art Deco Poster,"50, 50, 54;181, 105, 93;189, 206, 170;101, 117, 128;232, 206, 146",N/A,154,bloomingvisions.eth,1736613600
522,Cubism Orchids,"46, 27, 76;85, 26, 124;195, 87, 165;248, 136, 215;255, 186, 255;255, 237, 255;255, 255, 255",N/A,163,afuro.eth,1736700000
523,Arctic Expedition,"247, 247, 244;117, 153, 162;165, 202, 211;115, 179, 215;166, 229, 255;218, 255, 255",N/A,165,cryptologist99.eth,1736786400
524,Brasil üáßüá∑,"47, 122, 105;73, 167, 114;253, 236, 128;225, 208, 88;255, 255, 187",N/A,150,qabqabqab.eth,1736872800
525,Phantom Masquerade Ball,"37, 30, 58;62, 29, 79;106, 70, 123;200, 172, 223;251, 222, 255;173, 148, 169",N/A,154,ernestyu.eth,1736959200
526,Fear & Greed Index,"78, 136, 101;155, 196, 55;207, 247, 105;250, 193, 122;255, 244, 170;213, 86, 83;105, 0, 0",N/A,164,creamymommy.eth,1737045600
527,Tiki Bar,"47, 18, 44;85, 5, 66;154, 0, 48;237, 42, 51;252, 91, 53;254, 163, 57;253, 218, 95;253, 246, 207",N/A,160,cryptologist99.eth,1737132000
528,In Memory of David Lynch,"55, 41, 71;98, 82, 115;144, 126, 162;122, 62, 75;171, 106, 119;222, 153, 166;203, 107, 106;255, 155, 152;255, 205, 201;222, 158, 118;244, 222, 182;255, 255, 232",N/A,150,judebuffum.eth,1737218400
529,Toad and Frog: Friendship Magic,"54, 19, 52;97, 59, 94;143, 102, 139;125, 105, 66;163, 173, 106;213, 223, 153;255, 255, 202",N/A,151,juxton.eth,1737304800
530,Peach & Berry Smoothie,"219, 108, 76;255, 156, 121;255, 206, 168;199, 35, 88;255, 93, 132;255, 145, 179",N/A,162,chippo.eth,1737391200
531,A Single Cup of Water,"32, 28, 59;81, 44, 89;126, 86, 134;174, 131, 182;70, 124, 131;68, 168, 162;146, 230, 212;197, 255, 255",N/A,158,olotus.eth,1737477600
532,Moss! Moss! Moss!,"52, 84, 43;143, 168, 121;97, 121, 77;192, 218, 168;243, 255, 218",N/A,144,cryptologist99.eth,1737564000
533,NPCs,"37, 39, 42;77, 79, 82;121, 123, 126;168, 170, 173;220, 133, 56;255, 181, 102;255, 231, 150;255, 255, 199",N/A,149,judebuffum.eth,1737650400
534,Ikebana,"199, 221, 183;233, 234, 199;203, 197, 138;206, 151, 104;173, 77, 69",N/A,126,juxton.eth,1737736800
535,Strategic Base Reserve,"32, 25, 43;37, 48, 84;56, 74, 133;59, 116, 192;115, 162, 243;168, 211, 255",N/A,159,abhijoysarkar.eth,1737823200
536,Vintage Toys,"62, 187, 169;172, 202, 154;252, 228, 140;241, 92, 92;248, 142, 133",N/A,139,bloomingvisions.eth,1737909600
537,Green Tea,"251, 180, 16;169, 182, 67;22, 119, 100;13, 45, 62",N/A,138,prophetmotive.cb.id,1737996000
538,The Potion of Death,"55, 15, 46;77, 30, 58;71, 71, 71;105, 145, 69;191, 240, 14;245, 255, 89",N/A,134,danielailustra.eth,1738082400
539,DeepSeek,"19, 35, 151;31, 54, 203;43, 89, 255;64, 122, 255;119, 178, 255;150, 208, 255;192, 239, 255;255, 255, 255",N/A,149,BasePaint Team,1738168800
540,Year of the Snake üêç,"26, 67, 67;32, 95, 54;71, 145, 55;143, 194, 72;179, 214, 0;254, 251, 195;253, 227, 52;247, 175, 0;199, 122, 35;148, 75, 43;92, 42, 49",N/A,140,BasePaint Team,1738255200
541,Alien Autopsy,"67, 93, 135;87, 134, 165;111, 175, 193;150, 229, 233;187, 240, 242;237, 254, 241",N/A,144,judebuffum.eth,1738341600
542,Bas-Relief,"254, 249, 249;231, 221, 227;192, 175, 186;162, 146, 160;119, 98, 119;73, 58, 75;23, 16, 27",N/A,150,trombopoline.eth,1738428000
543,Pinball,"48, 30, 46;91, 99, 87;158, 158, 59;222, 195, 124;255, 246, 172;255, 255, 222",N/A,143,oggysk.eth,1738514400
544,Blood Money,"18, 41, 42;141, 172, 136;249, 171, 141;180, 92, 90;129, 47, 49",N/A,140,armilk88.eth,1738600800
545,Dating Game Show,"48, 10, 77;46, 45, 117;94, 86, 164;181, 86, 165;233, 134, 215;255, 184, 255;255, 254, 255",N/A,142,judebuffum.eth,1738687200
546,The Last Supper with Kittens,"113, 42, 57;66, 0, 19;168, 54, 64;213, 137, 79;255, 185, 125;211, 215, 53;218, 237, 156;255, 255, 206",N/A,138,danielailustra.eth,1738773600
547,Morning from the Flower Market,"119, 55, 70;72, 11, 31;192, 62, 56;248, 111, 98;224, 85, 54;255, 134, 98;234, 206, 130;114, 182, 131;67, 134, 86;163, 233, 179;214, 255, 229",N/A,149,cryptomoogle.eth,1738860000
548,Blue Noir,"17, 31, 50;35, 64, 83;101, 172, 176;150, 222, 226;201, 255, 255;253, 255, 255",N/A,138,nimashah.eth,1738946400
549,Build On Ethereum,"36, 49, 98;51, 86, 190;58, 158, 241;107, 237, 245;242, 242, 242;137, 167, 185;76, 98, 121;45, 53, 76;25, 27, 38;82, 36, 81;167, 54, 73;235, 112, 81;255, 197, 113;159, 236, 111;54, 173, 94;35, 102, 109",N/A,141,BasePaint Team,1739032800
550,Out on a run with the girls,"252, 238, 217;255, 255, 255;219, 93, 121;125, 14, 64;44, 21, 47",N/A,138,ticklish-art.eth,1739119200
551,Magic Window,"28, 22, 38;6, 115, 104;109, 196, 157;159, 247, 206;249, 240, 185;255, 255, 236",N/A,137,armilk88.eth,1739205600
552,Golden Retriever,"89, 66, 79;182, 155, 170;200, 148, 57;254, 196, 104;255, 247, 152;178, 84, 89;231, 131, 134;255, 231, 232",N/A,144,bloomingvisions.eth,1739292000
553,An Audience with the King,"54, 32, 59;96, 72, 101;176, 39, 55;207, 74, 48;255, 123, 91;255, 234, 164;255, 255, 214;75, 53, 79;251, 196, 89",N/A,139,judebuffum.eth,1739378400
554,Jonah,"37, 55, 65;154, 215, 218;255, 255, 254;48, 33, 30",N/A,142,afuro.eth,1739464800
555,Valentine's Day Cards,"253, 253, 233;255, 232, 102;255, 176, 112;250, 143, 142;250, 96, 125;236, 9, 61;171, 230, 155;108, 179, 145;99, 208, 235;205, 145, 240;142, 54, 89;82, 28, 22",N/A,147,judebuffum.eth,1739551200
556,Gold Mining,"236, 234, 180;216, 188, 103;128, 104, 68;69, 59, 49;37, 35, 37",N/A,138,guccijenkins.eth,1739637600
557,Holograms,"26, 51, 77;203, 255, 255;41, 161, 129;0, 113, 85;236, 88, 19;255, 138, 69;129, 55, 74;179, 100, 117;99, 211, 176",N/A,143,basepainter.eth,1739724000
558,Things,"255, 242, 239;255, 231, 175;210, 181, 127;126, 102, 108;82, 57, 73;103, 89, 120;176, 104, 134;227, 151, 182;255, 200, 232",N/A,155,trombopoline.eth,1739810400
559,Tree of Life,"104, 58, 35;204, 147, 119;255, 196, 166;255, 230, 218;255, 255, 255;215, 229, 217;173, 190, 161;150, 165, 114;103, 118, 70",N/A,148,basepainter.eth,1739896800
560,The Blacksmith's Ball,"10, 18, 15;39, 33, 20;115, 52, 22;140, 67, 21;216, 152, 41;46, 69, 69;178, 171, 129",N/A,134,BasePaint Team,1739983200
561,Love Your Pet Day,"41, 46, 65;80, 110, 136;111, 188, 132;156, 251, 245;101, 54, 46;130, 91, 74;147, 130, 86;224, 125, 104;95, 65, 153;0, 0, 0",N/A,135,judebuffum.eth,1740069600
562,paradise.exe,"1, 124, 131;113, 0, 66;174, 40, 80;229, 88, 123;236, 141, 161;251, 204, 220;255, 255, 255;149, 238, 244;120, 211, 216;0, 181, 174;0, 84, 101;0, 0, 0",N/A,127,creamy.eth,1740156000
563,Totally Rekt,"239, 210, 140;203, 154, 69;127, 81, 21;72, 35, 25;136, 27, 27;199, 38, 11;231, 93, 55;166, 143, 88;132, 111, 74",N/A,126,ticklish-art.eth,1740242400
564,Video Surveillance Screens,"42, 23, 59;63, 44, 95;68, 63, 123;76, 92, 135;105, 128, 158;149, 197, 172",N/A,123,danielailustra.eth,1740328800
565,Evolution,"32, 21, 51;255, 255, 255;252, 246, 96;178, 217, 66;82, 195, 63;22, 110, 122;37, 77, 112;37, 36, 70",N/A,116,oggysk.eth,1740415200
566,A Brief Ride on the Subway,"5, 31, 57;74, 36, 128;197, 58, 157;255, 142, 128",N/A,123,judebuffum.eth,1740501600
567,The Birth of Venus,"168, 200, 166;109, 141, 138;101, 80, 87;203, 129, 117;226, 169, 126;240, 207, 142;246, 237, 205",N/A,123,bloomingvisions.eth,1740588000
568,Box Of Cereal,"33, 118, 204;255, 125, 110;252, 166, 172;232, 231, 203",N/A,125,ensadepth.eth,1740674400
569,Ship of Theseus,"240, 246, 232;240, 218, 177;227, 154, 172;196, 93, 159;99, 75, 125;100, 97, 194;43, 169, 180;147, 212, 181",N/A,127,trombopoline.eth,1740760800
570,ETH Denver BasePaint Meetup,"4, 23, 64;5, 42, 118;0, 68, 232;58, 121, 255;188, 90, 60;250, 205, 24;255, 255, 255",N/A,118,BasePaint Team,1740847200
571,Memecoin Graveyard,"24, 25, 35;41, 45, 65;56, 64, 93;76, 84, 109;111, 104, 122;139, 121, 131;165, 141, 137;181, 158, 144",N/A,117,trombopoline.eth,1740933600
572,No Comment,"0, 27, 46;45, 117, 126;188, 123, 127;253, 205, 160;239, 253, 237",N/A,119,olotus.eth,1741020000
573,Firefly Night,"33, 29, 56;46, 42, 79;59, 64, 94;96, 85, 110;154, 98, 120;199, 120, 111;207, 169, 138;205, 212, 165",N/A,121,spacefish.eth,1741106400
574,BP Acid Rave Party,"0, 0, 0;255, 85, 255;85, 255, 255;255, 255, 255",N/A,111,ernestyu.eth,1741192800
575,Log Cabin,"192, 224, 32;112, 152, 24;40, 96, 0;8, 64, 0;13, 36, 5;72, 40, 8;111, 77, 27;152, 118, 49;229, 197, 88;248, 240, 104;255, 255, 255;203, 197, 192;122, 118, 120;58, 57, 64",N/A,112,judebuffum.eth,1741279200
576,The cat got into the paint!,"58, 43, 59;45, 74, 84;12, 116, 117;188, 74, 155;235, 141, 156;255, 216, 186",N/A,123,8bitmortal.eth,1741365600
577,Chess match,"43, 54, 52;71, 72, 72;110, 95, 82;162, 133, 108;160, 162, 148;220, 185, 160;243, 219, 198;255, 254, 254",N/A,117,danielailustra.eth,1741452000
578,Hungry Octopus,"147, 58, 99;255, 149, 177;255, 196, 207;255, 236, 240;212, 213, 246;150, 179, 253;118, 121, 219;68, 56, 122",N/A,130,designsb.eth,1741538400
579,Self Portraits 2: Anime Edition,"245, 245, 245;183, 186, 195;42, 42, 40;240, 218, 204;220, 177, 161;151, 108, 102;240, 237, 94;250, 165, 72;229, 132, 90;205, 50, 41;250, 216, 254;96, 192, 253;175, 223, 165;84, 126, 90",N/A,123,trombopoline.eth,1741624800
580,Not Enough Mana,"37, 54, 87;111, 67, 103;231, 109, 138;245, 161, 161;248, 233, 229;166, 154, 202",N/A,112,armilk88.eth,1741711200
581,Synthwave,"84, 206, 167;43, 164, 166;12, 105, 135;5, 75, 132;13, 33, 71;255, 176, 191;255, 130, 189;215, 74, 199;168, 37, 186;104, 43, 156",N/A,111,basepainter.eth,1741797600
582,In the Washing Machine,"19, 22, 38;77, 77, 128;230, 161, 207;255, 230, 234",N/A,115,afuro.eth,1741884000
583,3.14 Pi Day,"151, 200, 155;62, 142, 146;48, 84, 114;28, 31, 43;50, 55, 66;98, 94, 96;153, 145, 114;223, 205, 109;183, 143, 67;137, 92, 53",N/A,124,BasePaint Team,1741970400
584,Blood Moon Total Lunar Eclipse,"0, 0, 0;83, 9, 2;134, 41, 5;181, 84, 28;231, 145, 94;252, 215, 191",N/A,115,doctoridris.cb.id,1742056800
585,A Dance of Skeletons,"32, 36, 54;116, 112, 124;177, 167, 162;212, 204, 180;236, 226, 216",N/A,105,fredyrim.eth,1742143200
586,Coffee Time,"8, 32, 54;32, 60, 86;84, 78, 104;141, 105, 122;208, 129, 89;255, 170, 94;255, 212, 163;255, 236, 214",N/A,125,trombopoline.eth,1742229600
587,BasePaint Antiques,"243, 249, 210;216, 223, 189;189, 196, 167;168, 188, 167;146, 180, 167;147, 155, 147;147, 130, 127;97, 89, 87;47, 47, 47",N/A,120,judebuffum.eth,1742316000
588,The Completor,"0, 0, 0;2, 57, 187;33, 99, 255;48, 154, 255;0, 202, 233;0, 255, 160;193, 255, 232;255, 255, 255;0, 80, 50",N/A,118,BasePaint Team,1742402400
589,The Penguin Empire Strikes Back,"72, 76, 87;135, 113, 130;158, 156, 158;235, 141, 149;245, 190, 174;255, 234, 186;255, 255, 255",N/A,119,taliskye.eth,1742488800
590,Claw Machine,"7, 16, 46;67, 20, 128;152, 31, 171;240, 65, 129;247, 108, 89;250, 170, 90;240, 250, 200",N/A,121,danielailustra.eth,1742575200
591,The Decaying Couch,"50, 60, 57;82, 75, 36;125, 85, 99;145, 122, 70;163, 173, 84;153, 229, 80",N/A,111,ernestyu.eth,1742661600
592,Super Smash Public Domain Bros,"79, 26, 46;99, 34, 99;212, 116, 68;249, 200, 124;137, 46, 51;60, 115, 198;153, 176, 211",N/A,111,doctoridris.cb.id,1742748000
593,Screen Time,"49, 52, 55;90, 102, 104;124, 135, 143;185, 203, 214;232, 232, 232;255, 255, 255;124, 153, 107;222, 178, 44;84, 122, 229;234, 96, 53;68, 219, 97",N/A,115,trombopoline.eth,1742834400
594,Florida Man,"25, 25, 48;38, 61, 110;47, 114, 158;235, 162, 84;245, 214, 137;255, 245, 217",N/A,122,judebuffum.eth,1742920800
595,Ê°ú (Sakura),"98, 29, 120;255, 255, 255;255, 222, 227;255, 175, 194;252, 110, 145;206, 60, 145;152, 38, 136;65, 17, 94;41, 11, 59",N/A,112,trombopoline.eth,1743007200
596,Everyday Carry,"47, 42, 53;68, 61, 56;98, 86, 83;154, 93, 64;169, 129, 67;59, 66, 98;111, 119, 119;152, 157, 160;194, 184, 169;217, 219, 186",N/A,112,trombopoline.eth,1743093600
597,Cycle of the Seasons ‚≠ïÔ∏è,"232, 193, 112;222, 158, 65;190, 119, 43;136, 75, 43;96, 44, 44;223, 132, 165;198, 81, 151;162, 62, 140;122, 54, 123;43, 32, 66",N/A,112,,1743180000
598,The Stone-Born Rose,"0, 0, 0;34, 39, 40;63, 85, 70;126, 90, 100;190, 149, 133;243, 235, 212",N/A,102,armilk88.eth,1743266400
599,Platformer: Underwater Level,"10, 126, 139;9, 58, 84;47, 32, 65;200, 2, 79;255, 88, 95;252, 228, 168;190, 215, 233",N/A,106,creamy.eth,1743352800
600,Cursor Party,"252, 252, 252;0, 0, 0;20, 87, 244;31, 222, 145;232, 70, 81;145, 20, 218;242, 144, 71;199, 251, 88;37, 73, 209;27, 51, 150",N/A,119,BasePaint Team,1743439200
601,Stop The Baby Crying,"233, 210, 244;218, 188, 240;197, 170, 238;171, 148, 235;157, 186, 227;167, 207, 235;179, 224, 242",N/A,99,ticklish-art.eth,1743525600
